"","Sex","Whole.wt","Shucked.wt","Viscera.wt"
"1","M",0.2255,0.0995,0.0485
"2","F",0.677,0.2565,0.1415
"3","M",0.516,0.2155,0.114
"6","F",0.7775,0.237,0.1415
"7","F",0.768,0.294,0.1495
"8","M",0.5095,0.2165,0.1125
"9","F",0.8945,0.3145,0.151
"10","F",0.6065,0.194,0.1475
"11","M",0.406,0.1675,0.081
"12","M",0.5415,0.2175,0.095
"13","F",0.6845,0.2725,0.171
"14","F",0.4755,0.1675,0.0805
"15","M",0.6645,0.258,0.133
"17","F",0.451,0.188,0.087
"18","M",0.2555,0.097,0.043
"19","M",0.381,0.1705,0.075
"20","M",0.2455,0.0955,0.062
"22","F",0.9395,0.4275,0.214
"23","F",0.7635,0.318,0.21
"24","F",1.1615,0.513,0.301
"25","F",0.9285,0.3825,0.188
"26","F",0.9955,0.3945,0.272
"27","M",0.931,0.356,0.234
"28","M",0.9365,0.394,0.219
"29","M",0.8635,0.393,0.227
"30","M",0.9975,0.3935,0.242
"31","F",1.639,0.6055,0.2805
"32","M",1.338,0.5515,0.3575
"33","F",1.798,0.815,0.3925
"34","F",1.7095,0.633,0.4115
"35","M",0.4795,0.227,0.124
"36","F",1.217,0.5305,0.3075
"37","F",0.5225,0.237,0.1165
"38","F",0.883,0.381,0.2035
"39","M",0.3275,0.134,0.086
"40","F",0.425,0.1865,0.091
"41","F",0.8515,0.362,0.196
"46","M",0.5795,0.293,0.227
"47","F",0.4605,0.1775,0.11
"49","F",0.8355,0.3545,0.2135
"51","M",0.303,0.1335,0.06
"52","M",0.5415,0.2595,0.096
"53","F",0.4775,0.2105,0.1055
"54","M",0.385,0.173,0.0915
"55","F",0.6615,0.2565,0.1755
"56","M",0.4425,0.192,0.0955
"57","M",0.5895,0.2765,0.12
"59","F",0.583,0.246,0.13
"60","M",0.4115,0.18,0.1125
"61","M",0.625,0.305,0.16
"62","F",0.6965,0.302,0.1935
"63","M",0.3785,0.1705,0.08
"64","M",0.58,0.234,0.1315
"65","M",0.48,0.234,0.1015
"66","F",0.915,0.354,0.1935
"67","F",1.285,0.416,0.224
"68","F",0.5305,0.2135,0.1155
"70","M",0.7665,0.264,0.168
"71","F",0.353,0.1405,0.0985
"72","F",1.247,0.48,0.225
"73","M",1.185,0.474,0.261
"74","F",1.098,0.481,0.2895
"75","F",1.0075,0.4425,0.221
"76","M",0.944,0.3625,0.189
"77","F",0.922,0.363,0.194
"78","F",0.788,0.282,0.1595
"79","F",1.1025,0.4695,0.2355
"80","F",0.941,0.3845,0.252
"81","M",1.615,0.5105,0.192
"82","F",0.9885,0.396,0.225
"83","M",1.3175,0.408,0.234
"84","M",1.013,0.38,0.216
"85","F",1.295,0.339,0.2225
"86","M",1.195,0.4825,0.205
"87","M",0.8645,0.3305,0.2075
"88","F",0.517,0.2205,0.114
"89","F",0.9775,0.3135,0.231
"90","M",0.8115,0.341,0.1675
"91","M",0.755,0.307,0.1525
"92","M",1.115,0.4015,0.254
"93","F",1.262,0.507,0.318
"94","M",1.494,0.588,0.3425
"95","M",1.606,0.5755,0.388
"96","M",0.725,0.269,0.1385
"97","M",0.523,0.214,0.132
"98","M",0.5225,0.201,0.133
"99","F",0.5785,0.2775,0.085
"101","M",0.843,0.328,0.1915
"102","M",0.883,0.316,0.164
"103","M",0.724,0.3105,0.1675
"104","M",1.1735,0.4975,0.2405
"105","F",0.727,0.291,0.1835
"106","F",0.802,0.2935,0.183
"107","F",0.6675,0.261,0.1315
"108","F",0.6335,0.231,0.179
"109","F",0.3635,0.136,0.098
"110","M",0.5415,0.2375,0.1345
"111","M",0.431,0.172,0.107
"113","M",0.393,0.13,0.063
"114","F",0.6935,0.2975,0.146
"115","F",0.5915,0.233,0.1585
"116","F",0.6125,0.2555,0.102
"117","M",0.402,0.1305,0.0955
"118","F",0.8825,0.3465,0.172
"119","M",0.2605,0.1145,0.0595
"120","F",0.4205,0.163,0.1035
"122","F",0.766,0.304,0.1725
"123","M",0.214,0.09,0.051
"128","M",1.7255,0.63,0.2635
"129","M",1.959,0.7665,0.261
"130","M",1.262,0.4835,0.283
"131","F",0.4035,0.175,0.063
"132","F",0.1915,0.085,0.036
"135","F",0.406,0.1635,0.081
"136","F",0.156,0.0675,0.0345
"137","M",0.2005,0.094,0.0295
"138","F",0.3555,0.151,0.063
"139","M",0.253,0.096,0.0575
"140","F",0.826,0.341,0.2055
"141","F",0.741,0.295,0.1435
"142","M",1.3445,0.519,0.306
"143","M",0.797,0.34,0.19
"144","M",0.5175,0.2075,0.1165
"145","F",0.549,0.245,0.1075
"146","M",0.515,0.224,0.108
"150","M",1.053,0.4415,0.262
"151","F",1.1185,0.469,0.2585
"152","F",1.3715,0.5065,0.305
"153","F",1.0565,0.37,0.2355
"154","F",0.9885,0.387,0.1495
"155","M",0.722,0.32,0.131
"156","F",0.994,0.392,0.2425
"157","M",1.514,0.546,0.2615
"158","F",0.9075,0.374,0.2135
"159","F",1.124,0.2985,0.1785
"160","M",1.056,0.4215,0.2475
"161","F",1.222,0.53,0.2575
"162","M",1.2445,0.544,0.297
"163","F",2.141,0.65,0.398
"164","F",1.752,0.5605,0.2895
"165","M",2.55,1.0705,0.483
"166","F",2.124,0.765,0.4515
"167","F",1.842,0.625,0.408
"168","M",1.981,0.8175,0.3085
"169","F",1.6185,0.5125,0.409
"170","M",1.9565,0.7125,0.541
"171","F",0.775,0.308,0.169
"172","M",1.065,0.486,0.233
"173","F",0.776,0.32,0.1845
"179","M",0.97,0.385,0.2165
"180","M",0.9395,0.399,0.2
"181","M",1.368,0.515,0.266
"182","F",1.0235,0.429,0.268
"183","F",1.0165,0.4355,0.214
"184","F",1.5675,0.621,0.367
"185","M",1.218,0.5455,0.2965
"186","F",1.0525,0.392,0.336
"187","F",1.383,0.54,0.3315
"188","F",1.199,0.5265,0.335
"189","F",0.9325,0.365,0.271
"190","M",1.1595,0.4845,0.2165
"191","M",1.0225,0.419,0.2405
"192","M",0.927,0.276,0.1815
"194","F",0.8145,0.459,0.1965
"195","M",0.772,0.346,0.1535
"196","F",0.644,0.285,0.145
"197","M",1.3035,0.4445,0.2635
"198","M",0.922,0.432,0.178
"199","M",0.922,0.3635,0.213
"200","F",0.4165,0.1655,0.095
"201","M",0.825,0.254,0.205
"202","F",0.63,0.234,0.1465
"203","F",0.8155,0.2985,0.155
"204","M",0.369,0.171,0.071
"205","F",0.482,0.186,0.1085
"208","F",0.8325,0.2755,0.1685
"210","F",0.6345,0.1995,0.1625
"211","M",0.181,0.0755,0.0415
"212","F",0.38,0.1595,0.0785
"213","M",0.6155,0.241,0.1355
"214","F",0.66,0.2475,0.128
"215","M",0.8025,0.244,0.1635
"216","M",0.46,0.174,0.111
"218","M",0.501,0.1665,0.115
"219","F",0.32,0.1305,0.0755
"220","F",0.455,0.1785,0.1125
"221","F",0.5175,0.187,0.1235
"222","F",0.5755,0.22,0.144
"223","F",0.485,0.181,0.125
"225","F",0.45,0.1715,0.1055
"226","F",0.3055,0.121,0.082
"228","F",1.1015,0.404,0.2095
"229","F",0.783,0.2935,0.158
"230","M",0.836,0.336,0.1625
"231","M",0.9025,0.31,0.193
"232","M",1.4455,0.496,0.287
"240","M",0.9425,0.3495,0.2185
"251","M",1.1235,0.4205,0.2805
"252","F",1.0605,0.5135,0.2165
"253","F",1.094,0.4485,0.217
"254","M",1.2415,0.485,0.2775
"255","M",1.011,0.3835,0.2065
"256","M",1.07,0.3805,0.175
"257","M",0.8975,0.341,0.1655
"258","F",1.415,0.605,0.297
"259","F",1.1015,0.4775,0.2555
"260","F",0.928,0.394,0.194
"261","F",0.865,0.3675,0.1725
"262","M",0.8945,0.319,0.239
"264","M",0.1205,0.0465,0.028
"265","F",0.639,0.3,0.1525
"266","M",0.895,0.3615,0.186
"267","M",0.2925,0.1225,0.0635
"268","M",0.6355,0.2185,0.0885
"269","F",0.4995,0.2035,0.1
"270","F",1.779,0.4535,0.2855
"271","M",1.187,0.412,0.2705
"272","M",1.219,0.3875,0.2505
"273","M",1.525,0.56,0.3335
"274","M",1.259,0.4105,0.197
"275","M",1.844,0.7425,0.327
"276","F",1.3485,0.493,0.245
"277","M",1.642,0.532,0.3345
"278","M",1.484,0.55,0.3115
"279","F",0.712,0.2665,0.1605
"280","F",0.8415,0.314,0.1585
"282","F",0.4495,0.177,0.104
"283","M",0.6295,0.2285,0.127
"284","M",0.9565,0.325,0.158
"285","F",0.879,0.295,0.1965
"286","M",0.699,0.288,0.1595
"287","F",0.6445,0.242,0.1325
"288","M",0.4775,0.132,0.0815
"289","F",0.8105,0.3155,0.1795
"290","M",0.996,0.3835,0.226
"291","F",1.2765,0.501,0.279
"292","M",1.116,0.428,0.2205
"293","F",1.013,0.342,0.207
"294","M",1.0575,0.384,0.19
"298","M",0.549,0.2215,0.1275
"299","M",0.234,0.0905,0.0585
"300","F",0.3485,0.1455,0.0895
"301","F",0.892,0.322,0.174
"302","M",0.252,0.1065,0.0595
"303","M",0.217,0.0885,0.0495
"304","F",0.472,0.182,0.114
"307","M",1.5415,0.471,0.369
"308","M",0.7605,0.2505,0.1635
"309","M",0.9055,0.3925,0.2355
"310","F",1.2435,0.4635,0.3055
"311","M",0.971,0.443,0.2045
"312","M",1.3305,0.4595,0.3235
"313","F",1.2255,0.381,0.27
"314","M",1.3,0.4335,0.2945
"316","F",1.242,0.576,0.2475
"317","M",0.3675,0.1465,0.1015
"318","F",0.8365,0.315,0.1385
"322","M",0.2845,0.1065,0.075
"324","M",0.222,0.0935,0.056
"327","M",0.6435,0.27,0.1665
"328","M",0.241,0.0865,0.053
"330","M",0.5955,0.2135,0.161
"331","F",0.3185,0.134,0.0565
"334","F",1.974,0.598,0.4085
"335","M",1.3415,0.5705,0.3175
"336","M",1.0875,0.403,0.2655
"337","M",1.283,0.473,0.276
"338","M",1.325,0.6045,0.325
"339","F",1.0035,0.406,0.2505
"340","M",1.165,0.581,0.2275
"341","F",1.3475,0.4775,0.2565
"342","M",1.274,0.579,0.3065
"343","F",0.568,0.2325,0.1495
"344","F",0.746,0.3005,0.152
"345","M",0.707,0.2795,0.2185
"346","F",0.756,0.2745,0.173
"349","M",1.2,0.56,0.2455
"350","F",1.153,0.536,0.2905
"351","F",0.8685,0.3325,0.1635
"352","M",0.9535,0.4465,0.2065
"353","M",0.93,0.408,0.259
"354","M",1.275,0.509,0.286
"355","M",2.13,0.7415,0.49
"356","M",1.587,0.6935,0.336
"357","F",1.8085,0.7035,0.3885
"358","M",2.499,0.9265,0.472
"359","F",1.768,0.7495,0.392
"360","M",1.227,0.48,0.287
"361","F",0.997,0.392,0.246
"362","F",1.4225,0.61,0.2995
"363","F",1.029,0.4085,0.2705
"364","F",1.186,0.4985,0.3015
"365","M",1.016,0.4215,0.244
"366","M",0.887,0.4405,0.1655
"367","F",1.0735,0.479,0.2735
"368","M",1.13,0.458,0.2765
"369","F",1.719,0.68,0.299
"370","F",1.566,0.6645,0.3455
"371","F",1.7605,0.692,0.3265
"372","F",1.787,0.585,0.453
"373","F",1.31,0.5095,0.314
"374","M",1.343,0.4635,0.292
"375","F",1.7345,0.6845,0.3695
"376","M",1.1775,0.4935,0.3365
"377","F",1.077,0.4995,0.2875
"378","M",0.995,0.3895,0.183
"379","F",1.1085,0.3705,0.3135
"380","M",1.1405,0.3755,0.2805
"381","M",0.791,0.33,0.189
"382","M",0.663,0.313,0.137
"383","M",0.5565,0.226,0.122
"384","M",0.8445,0.373,0.21
"385","F",0.4925,0.216,0.1245
"386","M",0.7385,0.3515,0.152
"387","M",0.482,0.207,0.1225
"388","M",0.609,0.239,0.1435
"391","M",0.593,0.277,0.115
"392","F",0.5615,0.252,0.137
"396","F",0.7155,0.3165,0.176
"397","M",0.5865,0.2385,0.144
"398","M",0.6765,0.256,0.139
"399","M",0.987,0.4355,0.2075
"400","F",0.5885,0.27,0.131
"401","M",0.7225,0.295,0.1625
"402","F",0.4335,0.178,0.0985
"403","F",0.6935,0.3115,0.152
"405","F",0.8425,0.3685,0.1985
"406","M",0.479,0.2125,0.1045
"407","M",0.911,0.39,0.182
"408","M",0.915,0.4,0.246
"409","M",0.827,0.3395,0.2215
"410","M",1.1045,0.4565,0.2425
"411","M",0.945,0.41,0.2115
"412","F",0.9935,0.4625,0.2385
"413","M",0.8565,0.3475,0.1715
"414","F",1.2385,0.528,0.2465
"415","F",1.0325,0.3605,0.224
"416","F",1.3135,0.5595,0.267
"417","M",1.352,0.488,0.349
"418","F",1.005,0.367,0.199
"419","M",0.625,0.223,0.16
"420","F",1.5015,0.518,0.358
"422","F",0.5785,0.2465,0.123
"425","M",1.068,0.425,0.203
"426","F",1.0915,0.3935,0.2435
"427","M",1.015,0.3995,0.1735
"428","F",0.943,0.344,0.129
"429","F",1.0475,0.3775,0.1705
"430","F",0.9555,0.38,0.1665
"431","M",1.036,0.4375,0.196
"432","M",0.9065,0.342,0.156
"433","M",0.7505,0.2475,0.13
"435","M",0.662,0.2815,0.137
"438","M",0.3055,0.143,0.0645
"439","M",0.6885,0.249,0.138
"442","F",0.85,0.275,0.1625
"444","F",0.3635,0.159,0.077
"445","F",0.714,0.283,0.129
"446","M",0.9815,0.329,0.136
"447","M",0.9265,0.354,0.1575
"448","M",1.098,0.4765,0.232
"449","F",0.8205,0.365,0.159
"450","M",1.891,0.6975,0.4725
"451","F",1.41,0.592,0.3175
"452","F",1.4385,0.581,0.354
"453","F",0.9245,0.405,0.2195
"454","F",1.2915,0.57,0.3045
"455","M",0.8375,0.3485,0.1735
"456","F",1.221,0.51,0.259
"459","F",0.7085,0.293,0.1525
"460","M",0.2665,0.115,0.061
"461","F",0.9915,0.3865,0.224
"466","F",1.3905,0.5425,0.3035
"467","M",1.388,0.567,0.2735
"468","F",1.7445,0.5975,0.305
"469","M",1.4385,0.545,0.2665
"470","F",0.7835,0.313,0.1715
"471","F",0.646,0.2895,0.1405
"473","F",0.627,0.2645,0.1415
"474","F",0.7715,0.272,0.1455
"475","M",0.7395,0.261,0.1395
"476","F",0.421,0.1565,0.091
"477","M",1.347,0.4955,0.254
"478","M",1.756,0.637,0.3405
"479","M",1.32,0.5305,0.2635
"480","F",1.8075,0.7055,0.3215
"481","M",0.9325,0.3605,0.2445
"482","M",0.849,0.3785,0.1765
"483","F",0.9955,0.429,0.212
"484","M",1.0115,0.4235,0.237
"485","F",0.908,0.381,0.1615
"486","M",0.92,0.378,0.2385
"487","F",1.2415,0.5235,0.3065
"488","M",0.8075,0.3485,0.1795
"489","F",1.0595,0.44,0.2195
"490","M",1.073,0.475,0.19
"491","M",0.921,0.357,0.181
"492","F",1.2895,0.5345,0.2855
"493","M",1.2635,0.486,0.2635
"494","M",1.369,0.5875,0.2185
"495","F",0.953,0.3445,0.2235
"496","F",1.248,0.4245,0.2595
"497","F",1.0105,0.435,0.209
"498","F",1.0385,0.427,0.2315
"499","M",0.874,0.3275,0.202
"500","F",0.854,0.3665,0.1635
"501","F",1.1835,0.378,0.27
"502","F",1.115,0.378,0.2145
"503","F",1.129,0.4385,0.256
"504","F",1.1745,0.4385,0.2305
"505","M",1.105,0.4865,0.247
"506","M",0.8395,0.3325,0.157
"507","M",1.055,0.3815,0.221
"508","M",0.889,0.36,0.204
"511","F",0.5185,0.221,0.1265
"512","F",0.6725,0.249,0.181
"513","M",0.146,0.061,0.0365
"514","F",0.08,0.031,0.0215
"515","M",0.1,0.0385,0.0195
"516","M",0.2795,0.1115,0.0575
"517","M",0.0915,0.033,0.0215
"518","M",0.147,0.06,0.034
"519","F",0.203,0.078,0.059
"520","M",0.0385,0.0155,0.0085
"521","F",0.1885,0.0845,0.0385
"523","M",0.035,0.0145,0.008
"524","M",0.0545,0.0265,0.0095
"525","M",0.024,0.0095,0.006
"526","M",0.0155,0.0065,0.003
"527","F",0.733,0.282,0.159
"528","F",0.9715,0.3965,0.255
"529","M",0.24,0.0885,0.059
"531","F",0.458,0.192,0.1055
"533","F",0.38,0.1695,0.086
"537","M",0.1165,0.043,0.0255
"538","M",0.094,0.0335,0.02
"539","F",0.2705,0.093,0.066
"540","F",0.604,0.242,0.1415
"541","F",0.415,0.1585,0.0925
"542","M",0.2885,0.1,0.057
"543","M",0.3615,0.1565,0.0695
"544","F",0.257,0.099,0.051
"545","M",0.1555,0.0585,0.038
"546","M",0.08,0.0315,0.018
"547","M",0.0425,0.017,0.0055
"548","F",0.795,0.3605,0.1555
"557","F",1.1905,0.4585,0.298
"558","F",1.326,0.519,0.2625
"560","F",0.364,0.148,0.0805
"562","F",0.452,0.1715,0.092
"563","F",0.7335,0.2795,0.163
"564","F",0.5465,0.2005,0.126
"565","M",0.179,0.0705,0.0385
"568","M",0.1085,0.041,0.0265
"569","F",0.387,0.165,0.1005
"572","F",1.066,0.382,0.2275
"573","F",0.9535,0.3785,0.201
"575","F",1.133,0.5275,0.2355
"577","F",0.982,0.4055,0.2495
"579","F",1.3675,0.5015,0.3035
"580","F",1.233,0.5565,0.247
"582","F",1.4635,0.6615,0.3435
"584","F",0.363,0.1735,0.065
"587","F",0.8285,0.3095,0.1905
"588","M",0.4625,0.164,0.076
"589","F",0.3095,0.138,0.058
"591","F",0.25,0.111,0.057
"593","F",1.514,0.526,0.2975
"594","M",0.6995,0.2575,0.153
"596","F",0.7135,0.2565,0.186
"599","F",0.981,0.305,0.2245
"601","F",0.286,0.1225,0.0635
"602","F",0.265,0.1075,0.06
"606","M",0.195,0.078,0.0455
"608","M",0.228,0.0675,0.0675
"609","M",0.1775,0.0575,0.042
"610","F",0.4085,0.15,0.0825
"611","M",0.032,0.01,0.008
"612","M",0.155,0.0475,0.0355
"615","M",0.3865,0.128,0.07
"616","F",0.433,0.1525,0.095
"617","M",0.17,0.0655,0.047
"618","M",0.1295,0.0455,0.0335
"619","M",0.0515,0.018,0.0105
"620","M",0.169,0.06,0.0425
"622","F",0.6785,0.2945,0.138
"623","F",0.498,0.1795,0.1095
"625","F",0.658,0.2655,0.1125
"626","F",0.322,0.1205,0.061
"627","F",0.2815,0.1255,0.0525
"629","M",0.1835,0.077,0.046
"631","F",0.391,0.1555,0.095
"632","M",0.467,0.1895,0.0945
"634","M",0.2105,0.066,0.0525
"635","M",0.168,0.05,0.041
"636","M",0.258,0.1055,0.054
"637","M",0.1905,0.081,0.0485
"639","F",0.5735,0.219,0.1365
"640","M",0.173,0.0795,0.038
"642","F",0.9,0.358,0.156
"643","M",0.1875,0.0735,0.045
"644","M",0.3715,0.1605,0.0795
"646","M",0.1145,0.045,0.0265
"647","M",0.777,0.216,0.13
"649","F",0.447,0.1695,0.081
"650","M",0.079,0.034,0.014
"653","M",0.1345,0.054,0.024
"654","F",0.2305,0.0945,0.0465
"655","M",0.129,0.05,0.0295
"656","F",0.97,0.336,0.2315
"657","F",1.14,0.4305,0.2245
"659","F",0.9585,0.4145,0.1615
"662","F",0.3675,0.146,0.0885
"663","F",0.281,0.1045,0.0615
"665","F",0.2245,0.078,0.054
"666","M",0.4835,0.1815,0.144
"667","F",0.605,0.2155,0.14
"668","M",0.9175,0.2775,0.243
"669","F",0.5425,0.1765,0.123
"670","M",0.6175,0.235,0.108
"671","F",0.655,0.2405,0.143
"672","F",0.8115,0.24,0.169
"673","M",0.573,0.225,0.124
"674","F",0.7865,0.241,0.14
"675","F",0.64,0.158,0.11
"676","M",0.74,0.2635,0.168
"677","F",0.5945,0.185,0.148
"678","F",0.8165,0.25,0.1915
"679","F",0.2225,0.093,0.026
"681","M",0.5725,0.204,0.1415
"682","F",0.3915,0.154,0.094
"683","M",0.8345,0.3175,0.1725
"684","M",0.6515,0.2455,0.1665
"685","M",0.909,0.344,0.2325
"686","F",0.8045,0.3345,0.2125
"687","F",0.927,0.26,0.1425
"688","M",0.7305,0.279,0.2055
"689","M",0.9555,0.366,0.2425
"690","M",0.636,0.2535,0.145
"692","F",0.3865,0.1475,0.1065
"693","M",0.283,0.1175,0.0655
"697","M",0.1165,0.0545,0.0285
"698","F",0.444,0.155,0.1145
"699","F",0.3515,0.1185,0.091
"700","M",0.2905,0.1215,0.0685
"701","F",0.536,0.1895,0.142
"702","F",0.4525,0.18,0.103
"703","M",0.316,0.1205,0.0595
"704","M",0.417,0.191,0.09
"705","M",0.417,0.1535,0.1015
"706","M",0.203,0.0615,0.037
"707","F",0.207,0.0775,0.0435
"708","M",0.2765,0.0895,0.057
"711","M",0.2465,0.104,0.0475
"713","M",0.201,0.069,0.053
"714","M",0.1915,0.08,0.0385
"721","M",1.0575,0.3925,0.228
"722","M",1.092,0.416,0.212
"723","M",0.99,0.3865,0.243
"724","M",0.488,0.191,0.125
"725","F",0.5005,0.161,0.107
"726","M",0.297,0.108,0.0705
"727","F",0.525,0.2185,0.1195
"728","M",0.77,0.2735,0.159
"729","F",0.6515,0.261,0.2015
"730","M",0.8295,0.2405,0.1825
"731","M",0.879,0.374,0.1695
"732","M",0.823,0.298,0.1805
"733","M",0.656,0.227,0.1785
"734","M",0.8665,0.2825,0.176
"735","M",0.6565,0.262,0.1835
"736","M",0.669,0.2385,0.172
"737","F",0.6435,0.2415,0.1735
"738","M",0.862,0.2855,0.1525
"739","M",0.3795,0.143,0.074
"740","M",0.835,0.32,0.2175
"741","F",0.2065,0.078,0.057
"742","F",0.7365,0.2785,0.186
"743","F",0.8175,0.2795,0.183
"744","M",0.8425,0.275,0.1945
"745","F",1.001,0.34,0.226
"746","F",1.676,0.673,0.4805
"747","M",0.6595,0.2485,0.2035
"748","M",0.8055,0.301,0.181
"749","M",1.5165,0.578,0.4105
"750","F",0.612,0.187,0.15
"751","M",0.547,0.215,0.1615
"752","F",1.122,0.347,0.3045
"753","F",1.1365,0.369,0.3005
"754","M",1.4805,0.5295,0.272
"755","M",1.5275,0.69,0.368
"756","M",1.1375,0.367,0.236
"757","F",1.437,0.469,0.2655
"758","M",1.116,0.4775,0.2315
"759","M",1.0615,0.348,0.167
"760","M",1.2565,0.435,0.202
"761","F",0.946,0.313,0.1825
"762","F",0.959,0.2385,0.221
"763","M",1.613,0.6215,0.361
"764","F",1.153,0.403,0.296
"765","M",0.978,0.3365,0.1905
"766","F",1.1325,0.3825,0.234
"767","M",0.197,0.0665,0.05
"768","F",0.785,0.289,0.227
"769","F",0.949,0.3485,0.2395
"770","F",0.9805,0.3155,0.2815
"772","M",0.2685,0.0975,0.0825
"773","M",0.462,0.1675,0.158
"774","M",0.7605,0.245,0.167
"775","M",0.732,0.189,0.17
"776","M",0.6775,0.236,0.179
"777","M",0.6385,0.2305,0.142
"778","M",0.5755,0.2015,0.1505
"779","F",0.537,0.1725,0.1375
"780","M",0.93,0.3505,0.237
"781","M",0.6415,0.246,0.152
"782","M",0.8815,0.292,0.206
"785","M",1.042,0.3295,0.2325
"786","F",0.5755,0.1975,0.13
"787","M",0.709,0.211,0.1375
"788","F",0.644,0.2475,0.2025
"789","F",0.8875,0.309,0.246
"790","F",0.8935,0.3145,0.2575
"791","F",0.556,0.1925,0.1315
"792","M",0.51,0.1915,0.1285
"793","M",0.9215,0.3275,0.225
"794","M",1.0345,0.315,0.26
"795","M",0.695,0.215,0.1635
"796","M",0.7155,0.2805,0.1685
"797","M",0.394,0.157,0.096
"798","M",0.745,0.255,0.157
"799","F",0.3665,0.125,0.081
"800","M",0.495,0.1655,0.117
"801","M",0.349,0.119,0.1055
"802","M",0.4405,0.152,0.0935
"804","M",0.6615,0.2875,0.2095
"805","M",0.3185,0.1235,0.0905
"807","F",0.759,0.2125,0.179
"808","F",0.4195,0.153,0.1155
"809","F",0.807,0.2855,0.179
"810","M",0.875,0.2665,0.174
"811","F",0.6835,0.165,0.1315
"830","M",0.325,0.156,0.0505
"836","M",0.5805,0.266,0.0935
"838","F",0.6395,0.2945,0.113
"840","M",0.609,0.3065,0.096
"841","F",0.7555,0.3355,0.129
"842","M",0.5975,0.27,0.1275
"843","M",0.8275,0.3415,0.1855
"844","M",0.7635,0.3375,0.1425
"845","M",0.891,0.4815,0.1915
"846","F",0.805,0.369,0.1725
"847","F",0.9185,0.429,0.2015
"848","F",0.923,0.4035,0.175
"849","M",1.0145,0.407,0.2015
"850","F",0.875,0.362,0.1755
"851","M",0.9685,0.4985,0.168
"852","M",1.0595,0.4735,0.24
"853","M",0.952,0.3895,0.2155
"854","M",0.7535,0.349,0.1755
"855","F",0.958,0.442,0.1815
"856","M",1.077,0.4545,0.244
"857","M",1.102,0.455,0.2055
"858","F",1.11,0.498,0.228
"859","F",1.2095,0.5225,0.296
"860","F",1.1405,0.547,0.231
"861","F",1.113,0.5175,0.244
"862","M",1.3445,0.549,0.2875
"863","F",1.21,0.653,0.1695
"864","M",1.29,0.606,0.276
"865","F",1.382,0.609,0.2325
"866","M",1.1035,0.421,0.3015
"867","F",1.377,0.5585,0.33
"868","F",1.3435,0.629,0.2605
"869","M",1.296,0.545,0.3315
"870","M",1.34,0.5315,0.2815
"871","F",1.3725,0.6285,0.275
"872","M",1.307,0.6355,0.2545
"873","F",1.2085,0.465,0.162
"874","F",1.3825,0.5895,0.285
"875","M",1.26,0.4525,0.2755
"876","M",1.3555,0.619,0.305
"877","F",1.376,0.6495,0.361
"878","F",1.2945,0.668,0.2605
"879","F",1.486,0.7595,0.332
"880","M",1.4715,0.675,0.315
"881","M",1.4095,0.586,0.291
"882","M",2.0805,0.959,0.3415
"883","M",1.3905,0.5905,0.212
"884","M",1.558,0.755,0.298
"885","F",1.309,0.5445,0.2945
"886","F",1.8095,0.784,0.391
"887","F",1.4785,0.628,0.3405
"888","F",1.7775,0.861,0.322
"889","F",1.6675,0.833,0.3775
"890","F",1.834,0.8455,0.422
"891","M",2.8255,1.1465,0.419
"931","F",0.4355,0.2025,0.1095
"944","F",0.482,0.23,0.106
"945","M",0.612,0.327,0.15
"946","F",0.582,0.29,0.092
"947","M",0.537,0.222,0.1215
"948","F",0.5915,0.3245,0.11
"949","M",0.6765,0.3205,0.1065
"950","M",0.64,0.2925,0.1405
"951","M",0.439,0.194,0.099
"952","M",0.6015,0.312,0.117
"953","F",0.4785,0.1995,0.0955
"954","M",0.649,0.32,0.124
"955","M",0.6335,0.3035,0.1295
"956","M",0.61,0.272,0.1435
"957","M",0.6595,0.3145,0.1535
"959","M",0.6425,0.3195,0.129
"960","M",0.6725,0.336,0.12
"961","F",0.674,0.3165,0.141
"963","M",0.642,0.289,0.133
"965","M",0.769,0.3935,0.1455
"968","M",0.7035,0.347,0.134
"969","M",0.796,0.3865,0.1815
"970","F",0.834,0.367,0.2
"971","M",0.7125,0.3695,0.137
"972","F",0.724,0.3475,0.173
"973","M",0.7325,0.334,0.1575
"974","F",0.7585,0.325,0.197
"975","F",0.8495,0.328,0.232
"976","M",0.6515,0.2715,0.1605
"977","F",0.8215,0.3935,0.196
"978","M",0.7165,0.2855,0.1595
"979","M",0.874,0.3735,0.229
"980","F",0.9905,0.544,0.178
"981","F",0.8105,0.368,0.161
"982","F",0.967,0.4525,0.207
"983","F",0.6975,0.3075,0.1665
"984","M",1.195,0.5625,0.2565
"985","M",1.1935,0.513,0.21
"986","F",1.107,0.54,0.255
"987","M",1.0635,0.5265,0.2195
"988","M",0.9035,0.4075,0.1935
"989","M",1.114,0.4955,0.2745
"990","F",1.103,0.538,0.221
"991","F",1.1155,0.5575,0.2255
"992","F",1.0515,0.4095,0.2595
"993","M",1.012,0.4985,0.2115
"994","F",1.137,0.5585,0.22
"995","M",1.1335,0.586,0.2565
"996","M",1.136,0.5245,0.2615
"997","M",1.206,0.479,0.2425
"998","F",1.063,0.5155,0.2445
"999","F",1.121,0.4515,0.178
"1000","F",1.114,0.5865,0.2205
"1001","M",1.213,0.621,0.2435
"1002","F",1.0045,0.4655,0.2095
"1003","M",1.044,0.518,0.2205
"1004","F",1.1345,0.5265,0.2645
"1005","M",1.161,0.572,0.2455
"1006","M",1.2315,0.6025,0.262
"1007","M",1.1625,0.565,0.258
"1008","M",1.168,0.554,0.239
"1009","F",1.2525,0.585,0.2595
"1010","F",1.3315,0.594,0.276
"1011","F",1.3525,0.6235,0.278
"1012","M",1.3325,0.5705,0.271
"1013","F",1.1435,0.4755,0.2475
"1014","F",1.288,0.573,0.3035
"1015","F",1.38,0.5845,0.302
"1016","M",1.278,0.637,0.275
"1017","F",1.3075,0.599,0.284
"1018","M",1.1785,0.5185,0.248
"1019","M",1.375,0.623,0.2705
"1020","M",1.4065,0.684,0.3
"1021","M",1.4025,0.705,0.2655
"1022","F",1.5175,0.693,0.326
"1023","F",1.394,0.4935,0.291
"1024","F",1.2205,0.6145,0.236
"1025","M",1.636,0.779,0.342
"1026","M",1.561,0.709,0.3555
"1027","F",1.4325,0.684,0.308
"1028","M",1.3385,0.633,0.299
"1029","F",1.2465,0.5475,0.327
"1030","F",1.212,0.515,0.2055
"1031","M",1.304,0.57,0.312
"1032","M",1.6785,0.6665,0.308
"1033","M",1.622,0.6645,0.3225
"1034","F",1.494,0.6895,0.331
"1035","F",1.6525,0.8515,0.3365
"1036","F",1.528,0.69,0.3025
"1037","M",1.5905,0.6425,0.297
"1038","M",1.6275,0.594,0.3595
"1039","F",1.3695,0.641,0.294
"1040","M",1.6085,0.682,0.3145
"1041","F",1.587,0.739,0.2995
"1042","F",1.8375,0.7645,0.3615
"1043","M",1.607,0.7245,0.3215
"1044","M",1.7005,0.8255,0.362
"1045","M",1.872,0.893,0.4015
"1046","F",1.8385,0.8035,0.396
"1047","F",1.685,0.693,0.42
"1048","M",2.198,1.012,0.5225
"1049","M",1.9525,0.7645,0.4185
"1050","F",1.56,0.6655,0.383
"1051","F",2.555,1.1335,0.44
"1052","M",2.302,1.007,0.509
"1080","M",0.397,0.1985,0.0865
"1093","M",0.544,0.27,0.1395
"1098","M",0.5225,0.235,0.13
"1102","M",0.5215,0.2485,0.117
"1103","F",0.5445,0.246,0.15
"1105","F",0.545,0.261,0.115
"1109","M",0.7765,0.3525,0.1845
"1112","F",1.019,0.523,0.1985
"1115","M",0.7555,0.3755,0.1555
"1120","M",0.7835,0.4225,0.1815
"1121","M",0.793,0.434,0.1405
"1122","M",0.82,0.4615,0.127
"1123","F",0.8145,0.427,0.1855
"1124","F",0.84,0.395,0.195
"1125","M",0.8315,0.411,0.1765
"1126","M",0.8995,0.464,0.1775
"1127","M",0.8965,0.42,0.2175
"1128","F",0.6405,0.336,0.1765
"1129","M",0.852,0.43,0.1885
"1130","M",0.9595,0.4565,0.2395
"1131","M",0.99,0.5795,0.1825
"1132","F",1.0095,0.447,0.2375
"1133","M",1.0375,0.5415,0.2035
"1134","F",0.8775,0.412,0.217
"1136","F",0.9945,0.466,0.229
"1137","F",1.068,0.556,0.214
"1138","M",0.8455,0.401,0.191
"1139","F",0.869,0.435,0.197
"1140","M",0.907,0.4245,0.197
"1142","M",1.0225,0.549,0.2175
"1143","M",0.847,0.415,0.1945
"1144","M",1.114,0.4765,0.2155
"1145","M",1.859,0.945,0.426
"1146","M",0.814,0.3775,0.1915
"1147","M",0.9615,0.486,0.1815
"1148","M",1.0025,0.547,0.1975
"1149","F",0.93,0.385,0.246
"1150","M",0.9335,0.478,0.1825
"1151","M",0.9555,0.4595,0.236
"1152","M",0.9955,0.481,0.232
"1153","F",1.0265,0.485,0.2495
"1154","M",1.1915,0.696,0.2395
"1155","F",1.1025,0.5455,0.262
"1156","M",1.0165,0.512,0.2465
"1157","F",1.1775,0.611,0.2275
"1158","M",1.1175,0.555,0.257
"1159","M",1.1835,0.582,0.2365
"1160","F",1.056,0.433,0.2195
"1161","M",1.0145,0.5315,0.212
"1162","M",1.3305,0.783,0.2255
"1163","M",1.052,0.498,0.242
"1164","M",1.0565,0.4815,0.272
"1165","F",0.923,0.4615,0.1825
"1166","F",1.027,0.447,0.25
"1167","M",1.0195,0.5315,0.2005
"1168","M",0.858,0.4285,0.1525
"1169","F",1.1125,0.5635,0.2445
"1170","F",1.3745,0.7335,0.2715
"1171","M",1.2065,0.587,0.29
"1172","M",1.1325,0.589,0.211
"1173","M",1.2645,0.5635,0.3065
"1174","F",1.1565,0.5115,0.308
"1175","M",1.369,0.632,0.3415
"1176","M",1.39,0.6465,0.2945
"1177","F",1.1345,0.528,0.254
"1178","F",1.464,0.6415,0.339
"1179","M",1.202,0.565,0.3135
"1180","M",1.31,0.553,0.369
"1181","F",1.415,0.5885,0.3725
"1182","F",1.346,0.546,0.2705
"1183","M",1.363,0.629,0.279
"1185","F",1.3645,0.6075,0.3025
"1186","F",1.7025,0.664,0.3655
"1187","M",1.519,0.699,0.3685
"1188","F",1.454,0.624,0.3105
"1189","M",1.583,0.7355,0.405
"1190","F",1.5535,0.7945,0.3485
"1191","M",1.74,0.885,0.3715
"1192","M",1.751,0.895,0.3355
"1193","M",2.273,1.095,0.418
"1194","F",1.6465,0.8545,0.307
"1195","F",1.219,0.6395,0.236
"1196","F",1.652,0.735,0.381
"1197","M",2.0045,1.0465,0.407
"1198","M",1.6755,0.889,0.313
"1199","F",2.103,1.0265,0.48
"1200","F",1.9965,0.9035,0.469
"1201","M",1.187,0.691,0.1945
"1202","M",1.978,1.026,0.4255
"1203","F",1.8795,0.931,0.38
"1204","M",2.124,0.952,0.55
"1205","M",1.931,0.896,0.4585
"1206","F",2.236,1.109,0.5195
"1207","F",2.505,1.1965,0.513
"1208","M",2.0065,0.8295,0.4015
"1209","F",2.657,1.488,0.4985
"1263","F",0.4305,0.184,0.108
"1267","F",0.4785,0.206,0.1045
"1280","M",0.553,0.224,0.1375
"1282","M",0.6765,0.302,0.1415
"1296","M",0.842,0.428,0.1415
"1303","F",0.7145,0.335,0.144
"1304","M",0.717,0.3475,0.1445
"1305","F",0.8655,0.4315,0.163
"1308","F",0.8,0.3535,0.163
"1312","F",0.651,0.2965,0.137
"1313","M",0.8745,0.413,0.1905
"1316","M",0.8705,0.407,0.156
"1322","F",1.224,0.5565,0.3225
"1325","F",0.8495,0.4215,0.1685
"1326","M",0.796,0.3635,0.184
"1327","M",0.744,0.352,0.13
"1330","F",0.9795,0.397,0.2525
"1331","M",0.873,0.382,0.183
"1333","M",0.8965,0.383,0.1835
"1334","F",0.857,0.461,0.147
"1335","F",1.078,0.511,0.2095
"1336","M",0.892,0.4415,0.176
"1337","M",1.4395,0.6715,0.273
"1338","M",0.7955,0.405,0.167
"1339","F",0.858,0.4,0.156
"1340","M",0.9145,0.4555,0.1965
"1341","M",1.171,0.522,0.2535
"1343","M",1.1135,0.5825,0.2345
"1344","M",1.409,0.8,0.229
"1345","M",1.065,0.5315,0.199
"1346","M",0.7995,0.336,0.1855
"1348","M",1.187,0.5985,0.227
"1349","M",0.8855,0.388,0.188
"1350","F",0.98,0.4115,0.196
"1351","F",1.026,0.4645,0.112
"1352","M",1.1315,0.508,0.272
"1353","M",1.014,0.451,0.1885
"1355","F",1.04,0.4755,0.25
"1356","F",0.8895,0.419,0.1715
"1357","M",0.9595,0.4455,0.189
"1359","M",0.9755,0.419,0.206
"1361","F",1.076,0.463,0.2195
"1362","F",1.0835,0.5405,0.2215
"1363","M",0.871,0.407,0.1835
"1364","M",1.244,0.6345,0.257
"1365","M",1.0265,0.435,0.2335
"1367","M",1.137,0.4565,0.29
"1368","M",1,0.494,0.197
"1369","F",1.004,0.4475,0.193
"1370","M",1.128,0.4465,0.2195
"1371","M",1.054,0.4845,0.228
"1372","F",1.023,0.4905,0.1955
"1373","M",1.129,0.4795,0.302
"1374","M",1.118,0.446,0.3195
"1375","F",1.115,0.484,0.2115
"1376","M",1.2815,0.5715,0.2385
"1377","M",1.2555,0.5765,0.254
"1378","F",1.293,0.596,0.3135
"1379","F",1.1295,0.463,0.2685
"1380","M",1.082,0.4955,0.2345
"1381","F",1.15,0.5475,0.256
"1382","F",1.264,0.5715,0.326
"1383","F",1.2035,0.5865,0.239
"1384","F",1.3205,0.5945,0.345
"1386","M",1.062,0.5065,0.1785
"1388","M",1.093,0.497,0.221
"1389","M",1.101,0.534,0.1865
"1390","F",1.4595,0.705,0.2645
"1391","F",1.211,0.707,0.2725
"1392","M",1.1935,0.5205,0.2695
"1393","M",0.986,0.405,0.2255
"1394","M",1.521,0.644,0.372
"1395","M",1.3135,0.4865,0.2995
"1396","M",1.1835,0.556,0.2385
"1397","M",1.401,0.6165,0.3515
"1398","M",1.5075,0.7455,0.245
"1399","F",1.16,0.4785,0.274
"1400","F",1.662,0.77,0.378
"1401","M",1.5365,0.6865,0.3585
"1402","M",1.542,0.7155,0.3735
"1403","F",1.567,0.7245,0.349
"1404","F",1.3595,0.564,0.3215
"1405","M",1.6445,0.7305,0.3595
"1406","F",1.4545,0.6,0.3865
"1407","M",1.3585,0.6395,0.294
"1408","F",1.548,0.724,0.3525
"1409","F",1.337,0.615,0.3125
"1410","F",1.491,0.6345,0.342
"1411","F",1.5615,0.63,0.487
"1412","F",1.0145,0.4375,0.271
"1413","M",1.7375,0.876,0.3135
"1414","M",1.7925,0.8145,0.416
"1415","F",1.7635,0.7465,0.399
"1416","F",1.556,0.6725,0.374
"1417","M",2.21,1.1075,0.4865
"1418","M",2.141,1.0465,0.383
"1419","F",1.5345,0.96,0.4195
"1420","F",1.614,0.743,0.345
"1421","F",1.9335,0.913,0.389
"1422","M",2.173,0.9515,0.564
"1423","F",1.737,0.697,0.3585
"1424","F",1.7375,0.6785,0.4345
"1425","F",2.1275,0.949,0.46
"1426","F",2.25,1.1565,0.446
"1427","F",2.5085,1.232,0.519
"1428","F",2.255,0.8905,0.42
"1443","M",0.3895,0.2015,0.065
"1447","M",0.4565,0.2435,0.092
"1449","M",0.4475,0.2165,0.126
"1455","M",0.649,0.347,0.136
"1457","F",0.566,0.281,0.117
"1460","M",0.6435,0.2945,0.103
"1461","M",0.526,0.2485,0.105
"1462","F",0.573,0.2655,0.1285
"1463","M",0.5525,0.239,0.1245
"1464","F",0.6855,0.361,0.1565
"1466","M",0.9365,0.497,0.181
"1468","M",0.559,0.254,0.139
"1469","M",0.7205,0.3685,0.145
"1471","M",0.7575,0.398,0.151
"1472","F",0.7405,0.3565,0.1775
"1473","F",0.84,0.375,0.218
"1474","M",0.793,0.343,0.2035
"1475","F",0.8745,0.453,0.161
"1476","F",0.8715,0.4755,0.1835
"1477","M",0.9875,0.504,0.207
"1478","M",1.08,0.595,0.2065
"1479","M",0.9155,0.4005,0.2465
"1480","F",1.165,0.65,0.2205
"1481","F",0.953,0.475,0.2165
"1482","M",0.906,0.4095,0.23
"1483","M",0.8725,0.387,0.215
"1484","F",1.151,0.613,0.239
"1485","F",0.9905,0.453,0.2205
"1486","F",1.04,0.452,0.2655
"1487","M",0.945,0.4365,0.2085
"1488","M",1.259,0.6405,0.1985
"1489","F",0.9515,0.4535,0.193
"1490","F",1.201,0.417,0.2875
"1491","F",1.289,0.6,0.2945
"1492","F",1.1005,0.5125,0.229
"1494","M",1.049,0.462,0.231
"1495","F",1.012,0.477,0.236
"1496","M",1.0725,0.4815,0.235
"1497","M",1.4105,0.691,0.322
"1498","M",1.136,0.451,0.3245
"1499","M",1.1005,0.52,0.26
"1500","F",1.1105,0.467,0.268
"1501","M",1.1315,0.481,0.2745
"1502","M",1.271,0.6605,0.2425
"1503","F",1.336,0.6805,0.259
"1504","F",1.1345,0.505,0.2655
"1505","M",1.308,0.544,0.318
"1506","F",1.5335,0.6635,0.3345
"1507","F",1.546,0.7035,0.365
"1508","M",1.539,0.6405,0.3585
"1509","F",1.318,0.55,0.3015
"1510","F",1.5245,0.59,0.326
"1511","M",1.466,0.677,0.3045
"1512","F",1.3825,0.702,0.304
"1513","M",1.175,0.475,0.2435
"1514","F",1.5555,0.695,0.296
"1515","M",1.7835,0.8885,0.4095
"1516","M",1.374,0.589,0.351
"1517","F",1.389,0.5945,0.324
"1518","M",1.7025,0.833,0.374
"1519","M",1.5265,0.651,0.4475
"1520","M",1.519,0.616,0.388
"1521","F",1.741,0.7665,0.3255
"1522","M",1.6115,0.8415,0.306
"1523","M",1.7825,0.9165,0.3325
"1524","F",1.684,0.7535,0.3265
"1525","M",1.858,0.73,0.3665
"1526","M",1.675,0.797,0.4095
"1527","M",2.1055,1.017,0.363
"1528","M",2.21,1.351,0.413
"1529","M",1.8725,0.9115,0.427
"1530","M",1.893,0.942,0.397
"1570","M",0.4285,0.1965,0.099
"1574","M",0.464,0.221,0.106
"1584","F",0.6065,0.3005,0.131
"1591","M",0.845,0.3525,0.1635
"1595","M",0.707,0.282,0.1605
"1604","M",0.972,0.419,0.255
"1611","M",0.7625,0.327,0.1685
"1621","M",0.849,0.3265,0.221
"1623","F",0.863,0.435,0.149
"1624","M",0.802,0.3595,0.1825
"1625","M",0.831,0.4245,0.1735
"1626","F",0.7805,0.3345,0.185
"1627","M",0.795,0.3385,0.148
"1632","M",0.867,0.3765,0.1805
"1634","F",1.116,0.509,0.238
"1636","M",0.985,0.3745,0.2175
"1637","F",0.9965,0.417,0.247
"1640","F",1.0305,0.4605,0.218
"1641","M",0.839,0.4005,0.198
"1642","M",0.9615,0.483,0.166
"1643","F",0.834,0.428,0.1515
"1644","M",1.0335,0.469,0.2225
"1645","M",0.798,0.365,0.173
"1647","F",0.913,0.4305,0.2205
"1648","M",1.207,0.559,0.235
"1651","F",0.9,0.4175,0.17
"1652","M",0.838,0.3965,0.194
"1653","M",0.959,0.463,0.2065
"1655","F",0.9735,0.427,0.2045
"1656","F",1.13,0.575,0.196
"1657","M",0.9165,0.4135,0.1965
"1659","F",1.0645,0.4495,0.2455
"1660","M",1.059,0.504,0.241
"1661","M",1.194,0.5625,0.3045
"1662","F",0.9775,0.468,0.1775
"1663","M",0.884,0.3835,0.1905
"1665","F",0.991,0.4735,0.2345
"1666","F",0.974,0.393,0.224
"1667","F",1.434,0.7285,0.264
"1668","M",0.983,0.4565,0.228
"1669","F",1.0725,0.4835,0.2515
"1670","F",1.2405,0.6025,0.2915
"1671","M",1.022,0.449,0.2345
"1672","F",1.1155,0.3835,0.223
"1674","M",1.1185,0.5225,0.2405
"1675","F",1.2795,0.5735,0.2855
"1676","M",1.0175,0.473,0.2395
"1677","M",1.224,0.6035,0.261
"1679","F",1.3255,0.6685,0.2605
"1680","M",1.221,0.535,0.241
"1681","F",1.139,0.4995,0.2435
"1683","F",1.2215,0.582,0.2695
"1686","M",1.266,0.6285,0.2575
"1687","F",1.0405,0.464,0.2225
"1688","M",1.1165,0.4895,0.2615
"1689","M",1.0845,0.5005,0.2355
"1690","M",1.0985,0.4645,0.22
"1692","F",1.362,0.6765,0.2615
"1694","M",1.0915,0.4615,0.266
"1695","F",1.1965,0.514,0.2325
"1696","M",1.1745,0.5255,0.273
"1697","M",1.233,0.6565,0.2315
"1698","M",1.2695,0.605,0.271
"1700","M",1.4345,0.611,0.309
"1701","F",1.2435,0.5805,0.313
"1702","F",1.2615,0.5385,0.2665
"1703","F",1.2235,0.5215,0.2695
"1704","M",1.247,0.5475,0.2925
"1705","M",1.707,0.763,0.4205
"1706","M",1.1605,0.519,0.2615
"1707","M",1.286,0.5645,0.288
"1708","M",1.5595,0.741,0.3715
"1709","M",1.4745,0.605,0.345
"1710","M",1.226,0.5885,0.2215
"1711","M",1.33,0.6665,0.309
"1712","F",1.2415,0.5815,0.276
"1713","M",1.3375,0.554,0.308
"1714","F",1.363,0.573,0.362
"1715","M",1.2215,0.5695,0.2735
"1716","F",1.371,0.6925,0.2905
"1717","F",1.337,0.615,0.3195
"1718","M",1.274,0.59,0.23
"1719","M",1.488,0.665,0.337
"1720","M",1.3835,0.6385,0.2905
"1721","M",1.274,0.586,0.281
"1722","F",1.043,0.4795,0.223
"1723","F",1.3485,0.5935,0.2745
"1724","F",1.4405,0.688,0.3805
"1725","M",1.3195,0.667,0.269
"1726","F",1.5175,0.711,0.3125
"1727","M",1.5505,0.6505,0.3295
"1728","M",1.6375,0.7685,0.3545
"1729","M",1.443,0.6635,0.3845
"1730","M",1.289,0.6145,0.253
"1731","F",1.2915,0.631,0.2925
"1732","M",1.3725,0.606,0.32
"1733","M",1.2975,0.6075,0.314
"1734","M",1.2585,0.6255,0.311
"1735","M",1.39,0.711,0.2865
"1736","F",1.32,0.5235,0.3095
"1737","F",1.566,0.858,0.339
"1738","F",1.619,0.74,0.3305
"1739","M",1.2835,0.572,0.2755
"1740","F",1.382,0.6045,0.3175
"1741","M",1.4535,0.592,0.391
"1742","F",1.6075,0.714,0.339
"1743","M",1.3735,0.7185,0.293
"1744","F",1.638,0.7775,0.375
"1745","F",1.569,0.687,0.3675
"1746","M",1.8565,0.8445,0.3935
"1747","F",1.773,0.6805,0.48
"1748","F",1.58,0.6435,0.4565
"1749","M",2.009,0.9895,0.4475
"1750","F",1.9805,0.9925,0.4925
"1751","F",1.5805,0.802,0.287
"1752","M",2.015,0.9215,0.454
"1753","M",1.8275,0.919,0.366
"1754","M",2.125,1.1455,0.4425
"1755","F",1.445,0.631,0.3215
"1756","F",2.1425,1.03,0.487
"1757","F",1.9425,0.799,0.5195
"1758","M",1.747,0.7275,0.403
"1759","F",2.119,0.9655,0.5185
"1760","F",1.938,0.7735,0.4825
"1761","M",2.2205,1.083,0.421
"1762","M",2.5155,1.1155,0.6415
"1763","M",2.7795,1.3485,0.76
"1766","F",0.597,0.272,0.131
"1767","M",0.564,0.3035,0.0955
"1769","M",0.414,0.199,0.09
"1774","M",0.5795,0.295,0.1395
"1776","M",0.968,0.419,0.2455
"1778","F",0.8795,0.3485,0.215
"1779","M",1.0615,0.494,0.223
"1780","M",0.9225,0.4185,0.198
"1781","M",1.007,0.472,0.2495
"1782","M",0.9605,0.438,0.2225
"1783","M",0.65,0.303,0.155
"1784","M",0.7545,0.3495,0.1715
"1785","F",0.771,0.3765,0.1815
"1788","F",1.358,0.567,0.318
"1789","F",1.1185,0.5425,0.2445
"1790","F",1.205,0.543,0.294
"1791","M",1.3405,0.6325,0.311
"1792","M",1.02,0.4805,0.2145
"1793","M",1.025,0.5075,0.2245
"1795","F",1.48,0.6535,0.324
"1796","M",0.953,0.3945,0.2685
"1798","M",1.3005,0.6195,0.284
"1799","M",1.038,0.4975,0.2205
"1800","M",1.2525,0.5575,0.3055
"1801","M",1.15,0.575,0.232
"1802","F",1.1135,0.5195,0.2575
"1803","F",1.1155,0.5045,0.238
"1804","M",1.0865,0.511,0.2715
"1805","M",1.254,0.5815,0.286
"1806","M",1.169,0.5275,0.2535
"1807","M",1.172,0.445,0.3115
"1808","F",1.1845,0.533,0.307
"1809","F",1.0725,0.4895,0.2295
"1810","M",1.3815,0.672,0.326
"1811","M",1.6125,0.777,0.3685
"1812","M",1.7395,0.5715,0.2785
"1813","F",1.5475,0.713,0.314
"1814","M",1.4245,0.6325,0.333
"1815","F",1.3405,0.5595,0.293
"1816","F",1.4465,0.6775,0.33
"1817","F",1.5845,0.7175,0.3775
"1818","F",1.679,0.805,0.4015
"1819","M",1.726,0.7625,0.436
"1820","F",1.5395,0.6075,0.3675
"1821","F",2.073,1.0715,0.4265
"1822","M",1.5865,0.691,0.375
"1823","M",2.069,0.9285,0.409
"1858","F",0.7005,0.347,0.1105
"1861","M",0.5785,0.253,0.16
"1875","F",0.9455,0.3675,0.2005
"1882","M",0.7495,0.341,0.1645
"1883","M",0.599,0.2345,0.1465
"1884","M",0.7075,0.332,0.1585
"1886","M",0.837,0.382,0.171
"1888","F",0.8305,0.3135,0.1785
"1889","M",0.667,0.302,0.1545
"1890","M",0.9355,0.421,0.183
"1892","M",0.895,0.415,0.195
"1894","M",1.0005,0.454,0.205
"1895","M",0.832,0.3585,0.174
"1896","M",0.9415,0.3805,0.2285
"1897","M",0.88,0.4275,0.1955
"1898","F",0.803,0.382,0.1525
"1899","M",0.785,0.318,0.193
"1900","M",0.9765,0.495,0.2145
"1901","M",0.992,0.432,0.2225
"1902","M",1.013,0.4685,0.2085
"1903","M",0.876,0.3795,0.1615
"1904","F",1.099,0.4735,0.202
"1907","F",0.7955,0.3485,0.1925
"1908","M",0.857,0.3665,0.173
"1909","F",0.8265,0.4035,0.173
"1910","F",0.925,0.37,0.185
"1911","M",1.0465,0.518,0.2185
"1913","M",0.8295,0.3365,0.2005
"1914","M",0.886,0.4315,0.201
"1915","F",0.97,0.4655,0.1955
"1916","M",1.1805,0.456,0.337
"1917","M",0.99,0.386,0.2195
"1918","F",1.133,0.466,0.2885
"1920","F",0.862,0.334,0.1985
"1921","M",1.1155,0.479,0.2565
"1922","M",1.031,0.4375,0.2615
"1923","F",1.1185,0.478,0.2945
"1924","F",0.957,0.4255,0.1975
"1925","F",1.1785,0.566,0.2785
"1926","M",1.0285,0.4435,0.2825
"1927","M",1.0875,0.4975,0.283
"1928","F",1.255,0.5815,0.3195
"1929","M",1.219,0.564,0.227
"1930","M",1.035,0.44,0.2525
"1931","M",1.195,0.4605,0.302
"1932","F",1.062,0.372,0.213
"1933","M",1.5145,0.579,0.346
"1934","M",1.309,0.587,0.4405
"1935","M",1.0295,0.425,0.2315
"1936","M",1.0485,0.487,0.212
"1937","M",1.331,0.5725,0.3005
"1938","M",1.1565,0.52,0.2405
"1939","F",1.09,0.46,0.2965
"1940","F",1.354,0.4845,0.351
"1941","F",0.984,0.475,0.2
"1942","M",1.2525,0.63,0.246
"1943","F",1.2695,0.5635,0.3065
"1944","F",1.3405,0.5065,0.296
"1945","F",1.2895,0.594,0.314
"1946","M",1.195,0.5435,0.246
"1947","M",1.273,0.6535,0.213
"1948","M",1.229,0.5055,0.2975
"1949","M",1.1895,0.4765,0.3
"1950","F",1.1145,0.508,0.24
"1951","F",1.3115,0.4945,0.2555
"1953","M",1.1285,0.477,0.269
"1954","F",1.4195,0.6735,0.3465
"1955","F",1.6195,0.7815,0.322
"1956","M",1.32,0.6525,0.2375
"1957","F",1.5535,0.616,0.3655
"1959","F",1.189,0.483,0.278
"1960","F",1.375,0.531,0.384
"1961","F",1.412,0.6195,0.2485
"1962","F",1.348,0.5855,0.2605
"1963","M",1.1445,0.53,0.223
"1964","F",1.4415,0.5925,0.2775
"1965","M",1.218,0.5055,0.303
"1966","F",1.2475,0.4625,0.2955
"1967","M",1.2695,0.5115,0.2675
"1968","M",1.429,0.6715,0.29
"1969","F",1.4015,0.643,0.2465
"1970","M",1.312,0.556,0.2845
"1971","F",1.473,0.6295,0.3025
"1972","M",1.623,0.7165,0.354
"1973","M",1.534,0.671,0.379
"1974","M",1.3845,0.6615,0.2145
"1975","M",1.6915,0.6655,0.402
"1976","M",1.5715,0.6645,0.3835
"1977","F",1.773,0.605,0.447
"1978","M",1.4405,0.6565,0.2985
"1979","M",1.6245,0.675,0.347
"1980","F",1.866,0.929,0.3835
"1981","F",1.6705,0.732,0.3605
"1982","M",2.081,1.0815,0.4305
"1983","F",1.6195,0.744,0.315
"1984","F",1.8325,0.83,0.366
"1985","M",2.173,0.801,0.4915
"2011","M",0.4955,0.2575,0.082
"2013","M",0.522,0.2395,0.1525
"2016","M",0.653,0.3315,0.1385
"2017","M",0.5915,0.288,0.1315
"2018","M",0.4825,0.21,0.1035
"2020","M",0.6335,0.288,0.145
"2021","M",0.6875,0.3435,0.1495
"2022","F",0.741,0.325,0.1855
"2023","F",0.6355,0.2635,0.1565
"2024","M",0.8395,0.356,0.1905
"2025","F",0.9205,0.381,0.2435
"2026","F",0.8215,0.342,0.184
"2027","M",0.9255,0.4345,0.212
"2028","F",0.8295,0.3875,0.156
"2029","M",1.063,0.513,0.2705
"2030","M",1.115,0.5165,0.273
"2031","F",0.837,0.37,0.177
"2032","M",0.982,0.4295,0.2085
"2033","M",1.112,0.465,0.228
"2034","F",1.3485,0.5255,0.252
"2035","M",1.5655,0.7345,0.353
"2044","F",0.368,0.173,0.0705
"2050","M",0.4655,0.2075,0.1045
"2051","F",0.594,0.332,0.116
"2052","M",0.4935,0.2435,0.1175
"2053","M",0.4595,0.235,0.0885
"2054","M",0.4955,0.2665,0.085
"2056","F",0.689,0.3165,0.1315
"2058","M",0.617,0.25,0.1345
"2060","M",0.7815,0.361,0.1575
"2061","F",0.6355,0.277,0.143
"2062","M",0.6435,0.3135,0.149
"2063","M",0.5115,0.246,0.1005
"2064","M",0.738,0.355,0.1895
"2065","F",0.699,0.3125,0.1565
"2066","F",0.7655,0.3265,0.116
"2067","F",0.7505,0.368,0.1675
"2068","F",0.844,0.3945,0.1855
"2069","M",0.8705,0.4455,0.2115
"2071","F",0.83,0.393,0.1735
"2072","M",0.8685,0.418,0.1475
"2073","F",0.839,0.3485,0.207
"2074","F",1.079,0.4145,0.2115
"2075","M",0.919,0.4335,0.1765
"2076","F",1.1345,0.492,0.2595
"2077","F",0.909,0.438,0.2
"2078","M",1.2435,0.5575,0.2675
"2079","F",1.056,0.493,0.244
"2080","M",1.2095,0.603,0.2225
"2081","M",1.238,0.6165,0.2355
"2082","F",1.644,0.818,0.3395
"2083","M",1.7725,0.813,0.387
"2084","F",1.2525,0.73,0.3975
"2085","F",1.761,0.747,0.3725
"2086","F",1.3165,0.6835,0.2815
"2087","M",1.914,0.9155,0.448
"2088","F",2.1,0.8565,0.4825
"2089","F",1.6895,0.6555,0.1965
"2090","M",2.032,0.735,0.4755
"2091","F",0.66,0.3045,0.1555
"2092","M",0.7455,0.2995,0.1355
"2093","F",0.616,0.243,0.1075
"2095","M",0.3355,0.1545,0.0685
"2096","M",0.651,0.273,0.132
"2097","M",0.361,0.134,0.0825
"2098","M",0.4775,0.1885,0.0885
"2099","F",0.3465,0.1475,0.0695
"2101","M",0.66,0.2655,0.1365
"2103","M",0.276,0.1175,0.0565
"2104","F",0.5395,0.2175,0.128
"2105","M",1.04,0.434,0.265
"2106","M",1.041,0.416,0.2105
"2107","F",1.6885,0.562,0.3705
"2108","M",2.1835,0.7535,0.391
"2109","M",1.2105,0.5185,0.2555
"2112","M",0.7185,0.3265,0.1975
"2117","F",0.282,0.1405,0.0725
"2118","F",0.608,0.2705,0.1405
"2120","M",0.3295,0.1365,0.0725
"2122","F",0.4585,0.192,0.1
"2123","F",0.275,0.113,0.0675
"2124","M",0.335,0.147,0.094
"2125","M",0.4265,0.1685,0.0755
"2126","F",0.5765,0.2395,0.126
"2128","M",1.1505,0.4375,0.2265
"2129","M",0.8915,0.359,0.2105
"2130","M",0.97,0.462,0.185
"2131","M",0.18,0.08,0.0385
"2132","F",0.6985,0.2945,0.1625
"2133","M",0.4585,0.2,0.0885
"2134","F",0.4005,0.143,0.113
"2135","M",0.7145,0.3055,0.166
"2136","F",0.932,0.361,0.213
"2137","F",0.966,0.391,0.2455
"2138","F",0.9995,0.405,0.277
"2139","M",1.496,0.5825,0.337
"2140","F",0.5065,0.222,0.105
"2143","M",0.4665,0.2025,0.1015
"2144","M",0.401,0.1575,0.083
"2145","F",0.3455,0.1405,0.0765
"2146","M",0.5205,0.2015,0.1625
"2147","M",0.4935,0.186,0.0845
"2148","M",0.3245,0.1305,0.0735
"2149","M",0.106,0.0465,0.018
"2150","M",0.4415,0.1805,0.1035
"2151","F",1.966,0.8435,0.437
"2152","F",0.3025,0.1335,0.0465
"2154","M",0.879,0.368,0.2095
"2155","M",1.2275,0.473,0.1965
"2156","M",1.2715,0.4915,0.185
"2157","M",1.806,0.643,0.3285
"2158","M",0.8085,0.3025,0.1795
"2159","F",1.3905,0.61,0.3315
"2160","M",1.8465,0.732,0.472
"2161","F",2.1995,0.7245,0.465
"2162","F",1.817,0.785,0.492
"2163","F",0.897,0.377,0.184
"2164","M",0.3245,0.1395,0.0565
"2165","F",1.136,0.414,0.311
"2167","F",0.2405,0.104,0.0535
"2168","M",0.1545,0.066,0.0345
"2170","M",0.1185,0.055,0.0285
"2173","M",0.799,0.3245,0.2
"2174","F",1.1845,0.4805,0.274
"2175","M",0.925,0.342,0.197
"2176","F",1.098,0.414,0.187
"2177","F",1.071,0.3,0.206
"2178","F",0.975,0.358,0.2035
"2179","F",1.283,0.462,0.2475
"2180","F",1.0595,0.358,0.165
"2181","M",0.9195,0.3355,0.1985
"2182","M",0.9295,0.317,0.1735
"2183","M",0.8085,0.2345,0.1155
"2185","M",0.4475,0.193,0.1035
"2186","F",0.6865,0.295,0.1715
"2187","M",0.6335,0.2,0.1225
"2188","M",0.547,0.222,0.1325
"2189","F",0.585,0.243,0.115
"2190","M",0.927,0.3215,0.1985
"2191","M",1.4935,0.5265,0.2785
"2192","F",1.0405,0.419,0.264
"2199","F",1.596,0.525,0.4075
"2200","F",1.4005,0.5195,0.36
"2201","F",1.406,0.4265,0.2285
"2202","M",0.9245,0.3445,0.2185
"2203","M",1.36,0.5305,0.2375
"2204","M",0.43,0.175,0.096
"2206","F",0.14,0.0515,0.0235
"2207","M",0.4215,0.175,0.093
"2208","F",1.5765,0.5115,0.2595
"2209","F",1.2125,0.3245,0.205
"2210","M",1.6305,0.4865,0.297
"2211","M",1.142,0.387,0.258
"2212","F",1.366,0.5065,0.219
"2213","M",1.539,0.5635,0.2815
"2214","F",0.445,0.165,0.0995
"2215","F",0.5725,0.1965,0.1325
"2217","F",0.764,0.276,0.196
"2218","M",0.853,0.3285,0.189
"2219","F",0.5885,0.2385,0.1155
"2220","F",0.7875,0.3395,0.2005
"2221","M",1.035,0.401,0.1865
"2222","F",1.352,0.4505,0.2445
"2223","F",0.958,0.296,0.195
"2224","F",0.797,0.297,0.15
"2225","M",0.857,0.356,0.174
"2228","F",0.692,0.267,0.15
"2229","M",0.2225,0.0805,0.051
"2230","M",0.7575,0.2735,0.1635
"2231","F",0.729,0.2675,0.155
"2232","F",0.903,0.3575,0.2045
"2233","M",1.0965,0.419,0.229
"2234","F",0.903,0.3305,0.1845
"2235","M",1.229,0.4125,0.2735
"2236","F",1.106,0.422,0.2435
"2237","M",1.171,0.3905,0.2355
"2239","F",0.4755,0.2105,0.105
"2240","M",0.388,0.068,0.09
"2241","F",0.3785,0.152,0.0915
"2242","F",0.486,0.1735,0.07
"2243","M",0.5265,0.2105,0.1185
"2245","M",0.5105,0.192,0.1045
"2246","F",0.3105,0.12,0.074
"2247","F",0.543,0.2295,0.1495
"2248","M",0.2225,0.083,0.053
"2249","F",0.998,0.345,0.2495
"2250","M",1.5455,0.654,0.3765
"2251","M",1.2675,0.4995,0.2815
"2252","F",1.1,0.4125,0.2205
"2253","F",1.4285,0.639,0.305
"2254","M",1.793,0.8005,0.339
"2255","M",0.6185,0.216,0.1385
"2256","M",0.5825,0.2505,0.1565
"2257","M",0.7485,0.264,0.134
"2258","M",0.406,0.166,0.0935
"2259","F",1.1005,0.506,0.2525
"2260","M",0.869,0.3155,0.1825
"2261","M",0.955,0.3625,0.176
"2262","F",0.9215,0.312,0.196
"2263","F",1.456,0.581,0.2875
"2265","F",2.226,0.8955,0.405
"2266","F",1.2125,0.5735,0.261
"2267","F",1.0675,0.391,0.216
"2268","F",0.8525,0.3465,0.189
"2269","M",0.8615,0.3725,0.2175
"2270","F",1.162,0.511,0.2675
"2271","F",0.8705,0.3735,0.219
"2272","M",1.598,0.6535,0.2835
"2273","F",1.406,0.519,0.348
"2274","M",2.033,0.751,0.4255
"2275","M",1.259,0.487,0.2215
"2276","F",1.0935,0.403,0.245
"2277","F",1.1805,0.4345,0.2475
"2278","M",0.7175,0.3725,0.158
"2279","M",0.7575,0.3305,0.216
"2280","M",0.487,0.226,0.0965
"2282","F",0.6905,0.3125,0.179
"2286","F",0.7145,0.3235,0.173
"2287","F",0.3315,0.1365,0.0745
"2289","F",0.974,0.4305,0.23
"2291","M",0.563,0.2525,0.1205
"2292","F",0.3215,0.1545,0.075
"2294","M",0.702,0.3335,0.1465
"2295","F",0.8045,0.3325,0.1725
"2296","F",0.8075,0.322,0.181
"2297","M",0.578,0.2825,0.12
"2300","F",0.6375,0.277,0.1445
"2301","F",0.813,0.385,0.2015
"2302","M",0.5735,0.2505,0.119
"2303","F",0.94,0.399,0.257
"2304","M",1.008,0.422,0.2245
"2305","F",0.775,0.302,0.179
"2306","F",1.1445,0.485,0.218
"2307","F",0.6,0.2225,0.129
"2308","M",0.515,0.2,0.1275
"2309","M",0.5795,0.2145,0.164
"2310","F",0.384,0.143,0.1005
"2311","M",0.2965,0.1365,0.063
"2313","M",0.991,0.4035,0.1505
"2314","F",0.925,0.391,0.165
"2315","M",0.805,0.293,0.1625
"2316","M",0.8915,0.3415,0.177
"2317","M",0.769,0.2505,0.154
"2318","F",0.6185,0.251,0.1175
"2319","F",0.6515,0.2695,0.153
"2321","M",0.5545,0.213,0.0925
"2322","M",0.7365,0.3275,0.1315
"2324","F",1.496,0.5775,0.2815
"2325","F",0.3605,0.12,0.082
"2326","M",0.3045,0.0925,0.055
"2327","M",0.592,0.2465,0.1645
"2328","F",0.7995,0.3345,0.209
"2331","M",0.906,0.327,0.1485
"2332","F",0.6295,0.2815,0.127
"2333","M",1.5515,0.566,0.3835
"2334","F",2.526,0.933,0.59
"2335","M",1.103,0.425,0.2025
"2336","F",0.957,0.3885,0.215
"2337","M",0.86,0.4015,0.1695
"2338","M",1.62,0.6275,0.358
"2339","M",1.407,0.566,0.304
"2340","F",0.9,0.355,0.1905
"2344","M",1.247,0.472,0.2455
"2345","F",1.7265,0.638,0.3365
"2346","F",0.8025,0.313,0.1715
"2347","M",0.764,0.3035,0.189
"2348","M",0.8645,0.376,0.1945
"2349","F",0.4715,0.2035,0.0935
"2350","F",0.631,0.2765,0.111
"2351","M",0.9455,0.3815,0.184
"2352","M",1.3185,0.548,0.233
"2353","F",1.7265,0.637,0.3415
"2354","M",1.081,0.4825,0.242
"2355","M",0.9025,0.3805,0.2105
"2356","M",1.1415,0.4515,0.204
"2357","M",1.027,0.391,0.212
"2358","F",1.3445,0.535,0.2205
"2359","F",1.449,0.601,0.2565
"2360","F",0.7745,0.2985,0.1875
"2361","M",0.7895,0.343,0.159
"2362","F",1.3665,0.5005,0.291
"2363","M",1.0295,0.4635,0.1905
"2364","F",1.031,0.392,0.2035
"2365","F",1.065,0.4595,0.216
"2366","M",1.885,0.8665,0.435
"2367","M",1.2425,0.487,0.296
"2368","F",1.969,0.8045,0.423
"2371","M",0.023,0.0085,0.0055
"2372","F",0.3575,0.145,0.0725
"2373","F",0.5965,0.253,0.126
"2375","M",0.2065,0.0725,0.043
"2376","F",0.382,0.154,0.0955
"2379","F",0.2165,0.096,0.037
"2380","M",0.0305,0.011,0.0075
"2381","M",0.024,0.009,0.005
"2383","F",0.6005,0.2265,0.131
"2384","F",0.4285,0.165,0.083
"2385","F",0.496,0.1905,0.117
"2386","F",0.6195,0.2595,0.1445
"2389","M",0.4495,0.165,0.1125
"2390","F",0.4485,0.1585,0.102
"2391","M",0.241,0.11,0.045
"2392","M",0.197,0.085,0.041
"2399","F",0.775,0.35,0.152
"2401","F",0.6985,0.3,0.146
"2403","M",0.1295,0.0535,0.026
"2406","F",1.017,0.3515,0.2
"2409","F",1.0705,0.371,0.2705
"2410","F",0.5895,0.2635,0.12
"2412","M",0.15,0.0525,0.034
"2413","F",0.651,0.2935,0.19
"2415","M",0.287,0.1135,0.037
"2416","M",0.3525,0.1135,0.0565
"2417","M",0.12,0.0415,0.033
"2418","F",0.494,0.1945,0.103
"2419","F",0.4765,0.192,0.1125
"2420","M",0.2145,0.1,0.0465
"2422","F",0.4805,0.1905,0.114
"2423","F",0.321,0.1255,0.0655
"2424","M",0.096,0.044,0.027
"2427","M",0.0945,0.0445,0.02
"2428","F",0.6695,0.289,0.151
"2429","M",0.213,0.081,0.034
"2431","F",1.312,0.529,0.2485
"2432","F",1.087,0.4255,0.232
"2433","F",1.523,0.54,0.3365
"2435","F",0.579,0.208,0.1095
"2436","M",0.8175,0.2515,0.156
"2438","F",0.796,0.258,0.1755
"2439","F",0.197,0.071,0.051
"2440","M",0.5255,0.2025,0.135
"2441","M",0.879,0.339,0.208
"2442","M",0.4625,0.186,0.107
"2443","F",0.4565,0.1785,0.114
"2444","M",0.528,0.2125,0.149
"2445","M",0.5835,0.2295,0.1265
"2446","F",0.884,0.2875,0.1645
"2448","F",0.1855,0.0745,0.0415
"2449","F",0.27,0.1125,0.0585
"2450","F",0.463,0.186,0.11
"2451","M",0.198,0.0725,0.056
"2452","M",0.282,0.0975,0.065
"2459","F",1.099,0.3975,0.2325
"2460","M",0.5905,0.2025,0.158
"2461","F",0.768,0.2625,0.095
"2462","M",0.413,0.144,0.1015
"2463","M",0.8505,0.312,0.146
"2464","F",0.6915,0.276,0.137
"2465","M",0.709,0.275,0.168
"2466","M",0.3755,0.142,0.1065
"2467","M",0.8185,0.3025,0.2155
"2468","F",0.227,0.093,0.0625
"2469","M",0.8245,0.272,0.226
"2470","M",1.1825,0.474,0.2895
"2471","M",1.122,0.393,0.2
"2472","M",1.6115,0.6745,0.384
"2473","F",1.2985,0.5135,0.343
"2474","M",1.3,0.517,0.3285
"2475","F",1.161,0.38,0.2455
"2476","M",1.489,0.5915,0.312
"2477","M",1.008,0.377,0.193
"2478","F",0.441,0.1525,0.1165
"2479","F",0.742,0.2025,0.2005
"2480","F",0.7,0.207,0.1905
"2481","M",0.271,0.11,0.06
"2482","M",0.8565,0.2745,0.201
"2483","F",0.8975,0.275,0.241
"2484","M",0.6105,0.1955,0.107
"2486","F",0.6635,0.21,0.1295
"2487","F",1.235,0.5115,0.349
"2488","M",0.7615,0.246,0.195
"2489","M",0.592,0.242,0.096
"2490","M",0.39,0.163,0.087
"2491","F",0.7565,0.1905,0.17
"2492","F",0.57,0.167,0.118
"2494","M",0.2935,0.096,0.0675
"2495","M",0.567,0.174,0.1245
"2496","F",0.6245,0.215,0.2065
"2497","M",0.8415,0.2715,0.1775
"2498","M",0.7775,0.2015,0.18
"2499","M",0.989,0.2815,0.213
"2500","F",0.6905,0.219,0.155
"2501","F",0.2,0.0625,0.05
"2512","M",0.5,0.21,0.113
"2513","F",0.6265,0.259,0.1445
"2515","F",0.6015,0.2765,0.1455
"2517","M",0.6315,0.3445,0.1015
"2518","M",0.7715,0.37,0.16
"2520","M",0.872,0.4625,0.1725
"2521","M",0.8115,0.392,0.1455
"2522","M",0.8795,0.387,0.15
"2523","F",0.983,0.4475,0.2355
"2524","M",1.145,0.48,0.277
"2525","M",1.09,0.5,0.2215
"2526","M",1.262,0.5685,0.2725
"2527","M",1.185,0.482,0.2015
"2528","F",1.4405,0.5885,0.191
"2529","F",1.332,0.6235,0.2835
"2530","F",1.1405,0.587,0.2175
"2531","M",1.201,0.5395,0.275
"2532","F",1.33,0.6675,0.259
"2533","M",1.362,0.5785,0.3125
"2534","M",1.647,0.7225,0.331
"2535","F",1.4995,0.593,0.314
"2536","F",1.6225,0.6555,0.299
"2538","M",1.791,0.733,0.318
"2539","F",1.925,0.713,0.358
"2540","F",1.689,0.694,0.371
"2541","F",1.659,0.8715,0.2655
"2542","F",2.0475,0.75,0.4195
"2543","F",1.6015,0.707,0.365
"2544","F",2.0165,1.0685,0.418
"2566","F",0.4555,0.1945,0.1045
"2567","F",0.46,0.2025,0.1115
"2571","M",0.486,0.231,0.1035
"2574","M",0.5135,0.243,0.1015
"2575","M",0.6215,0.274,0.166
"2578","M",0.646,0.285,0.1365
"2579","M",0.7945,0.394,0.189
"2580","M",0.812,0.4035,0.1705
"2581","F",0.828,0.41,0.208
"2582","M",0.681,0.3095,0.1415
"2583","F",0.889,0.4055,0.2275
"2584","M",0.7345,0.33,0.1595
"2585","F",0.964,0.5475,0.159
"2586","F",0.963,0.44,0.224
"2587","F",0.995,0.504,0.185
"2588","F",0.8585,0.3905,0.196
"2589","M",0.948,0.429,0.206
"2590","F",0.888,0.41,0.1815
"2591","F",0.9045,0.405,0.2215
"2592","M",1.046,0.4695,0.263
"2593","F",1.1775,0.542,0.269
"2594","F",1.0765,0.491,0.22
"2595","F",1.0255,0.412,0.2745
"2596","F",0.9325,0.3985,0.2245
"2597","F",1.235,0.6025,0.274
"2598","M",1.247,0.5335,0.2735
"2599","M",1.1495,0.564,0.274
"2600","F",1.1575,0.5005,0.2495
"2601","F",1.327,0.6,0.3015
"2602","M",1.2,0.5085,0.32
"2603","F",1.2705,0.5415,0.323
"2604","F",1.2155,0.545,0.253
"2605","F",1.3245,0.6865,0.233
"2606","M",1.3555,0.671,0.268
"2607","F",1.127,0.477,0.2365
"2608","F",1.1075,0.4485,0.2165
"2609","F",1.4255,0.659,0.336
"2610","F",1.147,0.5455,0.266
"2611","M",1.286,0.604,0.271
"2612","F",1.596,0.617,0.317
"2613","F",1.297,0.556,0.2985
"2614","M",1.251,0.5355,0.3345
"2615","M",1.5105,0.6735,0.3755
"2616","F",1.4415,0.741,0.2955
"2617","M",1.6385,0.8115,0.369
"2618","F",1.933,0.7855,0.429
"2619","M",1.71,0.7725,0.3855
"2620","F",1.8495,0.767,0.442
"2621","M",1.742,0.696,0.389
"2622","F",1.7975,0.7295,0.3935
"2623","F",2.381,0.9915,0.5005
"2624","M",2.398,1.128,0.512
"2625","M",2.1945,1.0515,0.482
"2645","M",0.554,0.2935,0.1005
"2648","M",0.5765,0.273,0.135
"2649","M",0.723,0.377,0.149
"2654","F",0.832,0.4355,0.17
"2655","M",0.778,0.3745,0.1545
"2656","M",0.7865,0.403,0.185
"2657","F",0.778,0.368,0.215
"2659","F",0.8435,0.434,0.1995
"2661","M",0.784,0.3495,0.1885
"2662","F",0.908,0.4015,0.217
"2663","M",1.02,0.546,0.204
"2664","F",0.811,0.3875,0.159
"2665","F",0.897,0.4235,0.1905
"2666","M",0.852,0.41,0.1725
"2667","F",0.938,0.467,0.203
"2668","F",0.6955,0.3085,0.129
"2669","M",0.861,0.413,0.164
"2670","M",1.004,0.496,0.2165
"2671","F",1.0115,0.445,0.2615
"2672","F",1.1005,0.5415,0.166
"2673","M",1.108,0.4915,0.2325
"2674","M",0.852,0.4215,0.2255
"2675","M",1.9875,1.005,0.419
"2676","F",1.079,0.4505,0.2835
"2677","F",1.055,0.543,0.246
"2678","M",1.198,0.707,0.2095
"2679","F",1.084,0.5885,0.209
"2680","M",1.103,0.4635,0.3095
"2681","M",1.1,0.505,0.2475
"2682","M",1.1015,0.4965,0.243
"2683","M",1.3835,0.7105,0.3005
"2684","F",1.115,0.484,0.277
"2685","M",1.085,0.4645,0.2445
"2686","M",1.3165,0.6325,0.2465
"2687","M",1.3415,0.6575,0.262
"2688","M",1.027,0.537,0.188
"2689","M",1.1845,0.506,0.311
"2690","M",1.192,0.6055,0.2595
"2691","F",1.285,0.5775,0.352
"2692","M",1.1805,0.5235,0.283
"2693","M",1.2655,0.615,0.2775
"2694","F",1.2895,0.6095,0.2765
"2695","M",1.407,0.7215,0.298
"2696","F",1.122,0.545,0.228
"2697","M",1.4465,0.694,0.298
"2698","F",1.349,0.5985,0.3175
"2699","M",1.269,0.576,0.2985
"2700","M",1.68,0.926,0.2975
"2701","F",1.551,0.7105,0.3685
"2702","M",1.4775,0.724,0.279
"2703","M",1.529,0.7635,0.3115
"2704","M",1.7585,0.8745,0.3615
"2705","M",1.523,0.693,0.306
"2706","F",1.7315,0.83,0.398
"2707","M",1.51,0.8735,0.4265
"2708","M",1.88,0.9095,0.387
"2709","F",2.012,0.8915,0.5265
"2710","M",2.201,1.0615,0.5235
"2738","M",0.4305,0.2235,0.0785
"2744","M",0.5895,0.2535,0.128
"2751","F",0.516,0.2015,0.132
"2752","M",0.7355,0.3065,0.137
"2755","F",0.7055,0.329,0.147
"2758","M",0.7845,0.3285,0.169
"2759","F",0.9475,0.366,0.239
"2766","F",1.1465,0.551,0.244
"2770","F",1.017,0.5265,0.2025
"2771","F",0.8975,0.4115,0.2325
"2772","M",1.2255,0.5405,0.2705
"2773","F",0.9865,0.47,0.2155
"2774","F",0.844,0.3645,0.185
"2776","M",0.885,0.4025,0.1625
"2778","F",0.8755,0.411,0.2065
"2779","M",0.9235,0.4545,0.173
"2780","M",0.977,0.4625,0.2025
"2781","M",1.0305,0.4925,0.217
"2782","M",1.05,0.457,0.2685
"2783","M",1.1145,0.5055,0.2635
"2784","M",0.877,0.4325,0.155
"2785","M",1.285,0.6095,0.2745
"2786","M",1.3065,0.6895,0.2915
"2787","F",0.8725,0.389,0.1715
"2788","F",1.0265,0.4935,0.201
"2789","F",1.1605,0.6005,0.2195
"2790","F",1.0125,0.5325,0.4365
"2791","M",1.096,0.5445,0.2165
"2792","M",1.205,0.5175,0.3105
"2793","M",1.221,0.555,0.252
"2794","F",1.0005,0.452,0.252
"2795","M",1.1355,0.539,0.2325
"2796","M",1.3135,0.4935,0.2565
"2797","M",1.1955,0.5565,0.211
"2798","M",1.098,0.5195,0.222
"2799","M",1.139,0.5395,0.282
"2800","F",1.2265,0.49,0.377
"2801","M",1.042,0.515,0.1755
"2802","M",1.368,0.6185,0.288
"2803","M",1.446,0.6485,0.2705
"2804","F",1.4045,0.6255,0.3375
"2805","F",1.463,0.6525,0.2995
"2806","F",1.711,0.8365,0.352
"2807","M",1.74,0.7885,0.373
"2808","F",1.757,0.8265,0.417
"2809","M",1.601,0.706,0.321
"2810","M",2.165,1.1055,0.525
"2811","M",2.3305,1.253,0.541
"2826","M",0.5945,0.309,0.1085
"2828","M",0.872,0.4515,0.1615
"2830","F",0.8435,0.4325,0.18
"2831","M",0.818,0.402,0.1715
"2832","F",0.8035,0.38,0.1805
"2833","F",0.8115,0.3875,0.1875
"2834","F",0.782,0.3695,0.1745
"2835","M",0.8745,0.416,0.165
"2836","M",0.984,0.49,0.201
"2837","F",0.95,0.484,0.182
"2838","M",1.1735,0.6245,0.233
"2839","F",0.976,0.465,0.2055
"2840","M",1.0785,0.4535,0.2435
"2841","M",1.057,0.4255,0.224
"2842","M",1.11,0.5105,0.256
"2843","M",1.142,0.539,0.225
"2844","M",1.1255,0.59,0.247
"2845","F",1.1045,0.535,0.25
"2846","M",1.3405,0.656,0.283
"2847","M",1.082,0.5785,0.2045
"2848","F",1.254,0.591,0.259
"2849","M",1.2005,0.575,0.273
"2850","M",1.243,0.623,0.275
"2851","F",1.286,0.526,0.295
"2852","F",1.1665,0.4935,0.3155
"2853","F",1.144,0.5015,0.289
"2854","F",1.385,0.8875,0.3095
"2855","F",1.309,0.524,0.346
"2856","F",1.527,0.8485,0.2635
"2857","M",1.6385,0.831,0.3575
"2858","M",1.691,0.768,0.363
"2859","F",1.719,0.8465,0.407
"2860","F",1.52,0.637,0.325
"2861","F",1.613,0.723,0.3255
"2862","M",2.2355,1.1705,0.463
"2863","M",2.3235,1.1495,0.5115
"2878","F",0.4085,0.165,0.102
"2886","M",0.521,0.25,0.096
"2890","M",0.9505,0.456,0.199
"2892","M",0.8315,0.352,0.187
"2893","F",0.8725,0.417,0.199
"2900","F",0.745,0.347,0.174
"2903","F",0.8765,0.455,0.18
"2905","M",0.9655,0.498,0.19
"2906","M",0.9065,0.371,0.1965
"2907","M",1.049,0.5205,0.1935
"2908","F",0.9705,0.4615,0.232
"2909","F",0.92,0.393,0.212
"2910","M",0.9525,0.4315,0.1945
"2911","F",0.7855,0.363,0.1955
"2913","M",1.142,0.485,0.265
"2916","M",1.2015,0.492,0.3865
"2917","M",1.1295,0.57,0.2555
"2919","F",1.056,0.4575,0.2435
"2920","M",1.34,0.617,0.3255
"2921","F",0.9625,0.4375,0.2225
"2922","M",1.0475,0.465,0.2345
"2923","F",1.0915,0.4365,0.2715
"2924","M",1.167,0.457,0.29
"2927","F",1.2735,0.469,0.3315
"2928","M",1.0625,0.516,0.225
"2930","F",1.194,0.559,0.259
"2931","F",1.1215,0.545,0.2305
"2932","M",0.9335,0.382,0.247
"2933","F",1.198,0.5415,0.2865
"2934","F",0.9545,0.455,0.1865
"2935","M",1.3585,0.5935,0.3365
"2936","M",1.2075,0.531,0.281
"2937","M",1.217,0.667,0.2065
"2938","F",1.217,0.5725,0.207
"2939","F",0.92,0.437,0.1735
"2940","M",0.8765,0.456,0.18
"2941","F",1.2615,0.5505,0.277
"2942","M",1.2795,0.618,0.256
"2943","F",1.167,0.548,0.2485
"2944","M",1.1885,0.4915,0.3065
"2945","F",1.3765,0.634,0.2885
"2946","M",1.292,0.6,0.269
"2947","M",1.1795,0.4785,0.2775
"2948","F",1.29,0.593,0.3045
"2949","M",1.2075,0.5385,0.282
"2950","M",1.297,0.59,0.3125
"2951","M",1.4585,0.625,0.266
"2952","F",1.151,0.5935,0.2315
"2953","F",1.197,0.526,0.2925
"2954","M",1.539,0.6115,0.408
"2955","M",1.676,0.693,0.44
"2956","F",1.6645,0.753,0.367
"2957","F",1.528,0.6215,0.3725
"2958","F",1.494,0.7255,0.309
"2959","F",1.277,0.4975,0.319
"2960","F",1.5965,0.7765,0.397
"2961","F",1.3805,0.675,0.2985
"2963","F",1.527,0.5755,0.353
"2964","M",1.4005,0.715,0.3025
"2965","M",1.4405,0.6595,0.2675
"2966","M",1.482,0.739,0.2925
"2967","M",1.2345,0.618,0.2625
"2968","F",1.3435,0.657,0.297
"2969","M",1.533,0.667,0.4055
"2970","M",1.8445,0.9815,0.4655
"2971","M",1.825,0.938,0.3805
"2972","M",2.0885,0.9955,0.478
"2973","M",2.087,0.909,0.474
"2974","M",1.884,0.954,0.336
"2978","M",1.029,0.4235,0.2285
"2979","M",0.981,0.465,0.2015
"2981","F",0.693,0.391,0.1195
"2982","F",1.183,0.508,0.292
"2983","F",0.7905,0.4065,0.198
"2984","F",1.224,0.618,0.275
"2986","M",1.2705,0.548,0.3265
"2987","M",1.406,0.6115,0.342
"2988","M",0.873,0.4625,0.1845
"2989","M",0.9415,0.509,0.2015
"2990","F",1.007,0.4775,0.2105
"2991","M",1.0835,0.5305,0.231
"2993","F",1.5245,0.653,0.396
"2994","M",1.024,0.409,0.261
"2995","M",1.281,0.597,0.3035
"2996","F",1.148,0.5475,0.22
"2997","F",1.136,0.5265,0.1915
"2998","F",1.2235,0.532,0.271
"2999","F",1.3695,0.634,0.318
"3000","M",1.006,0.456,0.2245
"3001","M",1.307,0.678,0.292
"3002","M",1.463,0.592,0.3905
"3003","F",1.2905,0.6205,0.2965
"3004","F",1.4265,0.6605,0.3395
"3005","M",1.7885,0.8345,0.408
"3006","M",1.6135,0.75,0.4035
"3007","M",2.2305,1.2395,0.422
"3008","F",2.2635,0.821,0.423
"3033","M",0.6835,0.3125,0.1655
"3034","M",0.6855,0.293,0.163
"3037","M",0.894,0.3885,0.2095
"3039","M",0.95,0.4005,0.2235
"3040","F",0.871,0.385,0.211
"3041","M",0.9785,0.4505,0.196
"3043","M",0.737,0.325,0.1405
"3045","F",0.8785,0.425,0.1685
"3046","M",1.1275,0.4925,0.262
"3047","M",0.9765,0.4525,0.2395
"3049","M",0.853,0.326,0.2615
"3050","M",0.991,0.382,0.2395
"3051","M",0.9125,0.4095,0.1825
"3052","F",0.921,0.4005,0.2025
"3053","F",0.869,0.3425,0.195
"3054","M",0.8665,0.3695,0.1955
"3055","F",1.089,0.469,0.198
"3056","M",0.9615,0.422,0.176
"3057","M",1.145,0.4915,0.208
"3059","F",1.1635,0.4875,0.259
"3060","M",1.1955,0.492,0.247
"3061","M",1.31,0.495,0.295
"3062","F",1.251,0.577,0.227
"3063","F",1.145,0.4775,0.3035
"3064","M",1.154,0.4405,0.2315
"3065","F",1.1335,0.5525,0.2505
"3066","F",1.2015,0.559,0.231
"3067","M",1.5595,0.695,0.3515
"3068","M",1.3165,0.6345,0.2605
"3069","M",1.403,0.6955,0.2385
"3070","F",1.204,0.5455,0.2615
"3071","F",1.2895,0.587,0.3165
"3072","F",1.5175,0.7765,0.302
"3073","M",1.3575,0.5325,0.3045
"3074","M",1.3645,0.557,0.3405
"3075","F",1.494,0.615,0.3935
"3076","F",1.664,0.58,0.3855
"3077","M",1.545,0.686,0.3775
"3078","F",1.5855,0.667,0.334
"3079","F",1.666,0.647,0.4285
"3080","M",1.724,0.566,0.4575
"3081","F",1.908,0.5415,0.3565
"3082","F",2.073,1.0135,0.4655
"3089","M",0.458,0.2,0.111
"3090","M",0.491,0.207,0.115
"3091","M",0.474,0.197,0.1065
"3092","M",0.5805,0.244,0.1335
"3093","F",0.728,0.302,0.1575
"3094","M",0.622,0.2655,0.147
"3095","M",0.706,0.3355,0.1635
"3096","F",0.5685,0.249,0.1375
"3097","M",0.9385,0.3685,0.1245
"3098","F",0.655,0.2635,0.122
"3099","M",0.9465,0.4355,0.2605
"3100","M",0.9115,0.446,0.2075
"3101","M",0.942,0.43,0.182
"3102","M",1.193,0.5145,0.315
"3103","M",1.461,0.5985,0.2425
"3104","M",1.489,0.6065,0.3795
"3116","M",0.7775,0.436,0.1715
"3117","F",0.4705,0.1635,0.089
"3118","M",0.751,0.3295,0.1835
"3119","F",0.714,0.318,0.138
"3120","F",0.6995,0.3115,0.131
"3121","F",0.952,0.4895,0.1945
"3122","M",0.8755,0.44,0.1965
"3123","M",0.9215,0.354,0.209
"3124","F",0.8285,0.362,0.1655
"3125","M",1.206,0.581,0.216
"3126","M",1.2865,0.435,0.293
"3127","F",1.1945,0.5105,0.271
"3128","F",1.1655,0.536,0.2115
"3129","F",1.2155,0.4625,0.2045
"3130","M",1.1735,0.526,0.285
"3131","M",1.532,0.74,0.357
"3132","F",1.5105,0.7385,0.3525
"3133","F",0.5565,0.2215,0.1155
"3134","M",0.547,0.2165,0.1105
"3135","M",0.5165,0.1885,0.1145
"3136","M",0.764,0.312,0.1505
"3137","M",0.488,0.188,0.0845
"3138","M",0.6905,0.259,0.151
"3140","M",0.97,0.2885,0.139
"3144","F",1.3235,0.6075,0.3055
"3145","M",0.8465,0.336,0.2405
"3146","M",1.047,0.4315,0.276
"3147","F",1.2785,0.5345,0.2995
"3148","F",1.8745,0.6755,0.4065
"3149","F",1.978,0.6675,0.3125
"3150","F",1.367,0.5835,0.3515
"3151","F",1.742,0.595,0.3025
"3152","F",0.513,0.232,0.142
"3153","M",0.4085,0.1755,0.092
"3154","M",0.56,0.2375,0.1065
"3155","M",0.635,0.29,0.1555
"3156","M",0.875,0.279,0.18
"3157","F",0.397,0.1575,0.089
"3158","M",0.806,0.3415,0.203
"3159","F",0.204,0.097,0.021
"3161","F",0.17,0.076,0.0365
"3162","M",1.194,0.4445,0.238
"3163","F",0.765,0.33,0.2125
"3164","F",1.151,0.4365,0.281
"3165","F",0.6765,0.29,0.158
"3166","F",1.571,0.627,0.271
"3167","M",1.153,0.503,0.2505
"3168","M",1.114,0.3925,0.291
"3169","M",0.9125,0.3595,0.271
"3170","F",0.872,0.3245,0.239
"3171","M",0.792,0.316,0.1455
"3172","F",0.606,0.239,0.1235
"3173","M",0.2265,0.0995,0.0575
"3174","M",0.3955,0.147,0.0765
"3176","F",0.539,0.229,0.1355
"3177","F",0.657,0.291,0.133
"3178","M",0.2505,0.106,0.0535
"3180","F",0.2685,0.1165,0.056
"3181","M",0.551,0.2245,0.0715
"3182","M",1.307,0.4335,0.262
"3183","M",0.9185,0.404,0.1785
"3184","F",1.707,0.6995,0.387
"3185","F",0.8805,0.3645,0.234
"3186","F",0.4965,0.237,0.127
"3187","F",0.632,0.282,0.145
"3188","M",2.2695,0.8835,0.3985
"3189","M",0.9235,0.412,0.2135
"3191","M",1.3315,0.5665,0.347
"3192","F",0.72,0.3105,0.1915
"3193","M",1.032,0.354,0.2045
"3194","F",1.017,0.426,0.2255
"3195","F",0.98,0.2585,0.207
"3198","M",0.478,0.1865,0.115
"3199","F",0.578,0.2395,0.1255
"3200","F",0.6835,0.271,0.145
"3201","F",0.2725,0.1115,0.057
"3202","F",1.511,0.5095,0.284
"3203","F",1.3035,0.501,0.295
"3204","F",1.3955,0.456,0.3205
"3205","M",0.1975,0.0795,0.0375
"3210","M",1.0055,0.3785,0.244
"3211","F",1.1345,0.4535,0.27
"3212","F",1.0835,0.3745,0.326
"3213","F",0.868,0.33,0.243
"3214","F",1.0915,0.452,0.275
"3215","F",1.271,0.531,0.3075
"3216","M",1.4985,0.4125,0.3075
"3217","M",0.388,0.149,0.087
"3218","F",1.2355,0.4435,0.3105
"3219","M",1.402,0.483,0.3205
"3220","M",0.6025,0.216,0.138
"3221","M",0.2775,0.109,0.0515
"3222","M",0.973,0.2985,0.2135
"3223","M",0.753,0.258,0.171
"3224","M",1.3765,0.44,0.3075
"3226","F",0.4135,0.1645,0.106
"3227","F",0.56,0.231,0.137
"3229","F",1.2765,0.4835,0.328
"3230","M",0.96,0.387,0.2385
"3231","M",0.3745,0.158,0.081
"3232","M",0.696,0.2405,0.1625
"3233","F",1.2955,0.5215,0.3225
"3234","F",1.2315,0.4525,0.238
"3235","M",1.383,0.596,0.2565
"3237","M",1.156,0.428,0.289
"3238","M",1.477,0.6375,0.3025
"3239","F",1.5715,0.6935,0.318
"3240","M",0.858,0.377,0.1585
"3241","M",1.4995,0.6265,0.4005
"3242","M",1.467,0.5825,0.303
"3243","F",1.092,0.396,0.2825
"3244","F",1.8165,0.7785,0.4395
"3245","F",1.6365,0.694,0.3005
"3246","M",0.906,0.342,0.219
"3247","F",1.213,0.464,0.306
"3248","M",1.06,0.402,0.28
"3249","M",0.161,0.0725,0.039
"3250","F",0.459,0.197,0.1145
"3252","M",0.6175,0.3,0.142
"3254","F",0.4195,0.194,0.1005
"3256","F",0.8745,0.375,0.193
"3257","M",0.655,0.3185,0.15
"3258","M",0.484,0.2155,0.102
"3259","M",1.4435,0.6145,0.3035
"3260","F",0.8775,0.3345,0.2145
"3261","F",1.3105,0.58,0.288
"3262","F",1.2515,0.5035,0.2925
"3263","M",0.9085,0.398,0.197
"3264","F",1.1705,0.5405,0.3175
"3265","M",0.528,0.2,0.1395
"3266","F",0.6625,0.3005,0.1635
"3267","F",0.4335,0.2105,0.1205
"3268","M",0.3595,0.1415,0.0885
"3269","F",1.107,0.402,0.2415
"3270","F",0.8595,0.3195,0.1775
"3271","M",0.7735,0.297,0.123
"3272","M",0.4365,0.169,0.1075
"3273","F",0.501,0.192,0.1175
"3274","F",0.6735,0.265,0.124
"3275","M",0.415,0.215,0.082
"3276","M",0.4775,0.2,0.0785
"3277","F",0.5555,0.213,0.1075
"3278","M",0.6445,0.26,0.1575
"3279","F",1.428,0.493,0.318
"3280","M",1.6195,0.533,0.353
"3281","M",0.81,0.317,0.157
"3282","F",1.0385,0.414,0.26
"3283","F",0.9715,0.371,0.235
"3284","M",0.868,0.348,0.217
"3285","F",1.522,0.6965,0.3025
"3286","F",1.1255,0.4985,0.227
"3287","M",0.7085,0.305,0.1455
"3288","F",1.0185,0.4695,0.225
"3289","M",0.72,0.275,0.164
"3290","F",0.6175,0.262,0.122
"3291","M",0.738,0.2845,0.17
"3292","F",0.597,0.2615,0.135
"3293","M",1.156,0.5525,0.243
"3294","F",1.22,0.4905,0.3
"3295","M",0.7485,0.3345,0.1315
"3296","F",1.0735,0.437,0.205
"3297","M",1.229,0.524,0.278
"3298","F",1.146,0.477,0.23
"3299","M",1.145,0.4325,0.27
"3300","F",1.1055,0.4445,0.227
"3301","F",1.67,0.6525,0.4875
"3302","F",1.555,0.6465,0.3705
"3303","F",0.9285,0.302,0.1805
"3304","F",0.8085,0.3235,0.183
"3307","F",0.438,0.1805,0.1165
"3308","M",0.099,0.037,0.024
"3310","F",1.166,0.483,0.238
"3311","F",0.507,0.1915,0.1365
"3312","F",0.6345,0.243,0.1335
"3313","M",0.314,0.138,0.057
"3315","M",0.195,0.0745,0.041
"3316","M",0.451,0.171,0.0705
"3317","M",0.084,0.034,0.0105
"3318","M",0.0245,0.0095,0.0045
"3319","F",1.4685,0.4715,0.3235
"3320","F",0.7765,0.302,0.1565
"3322","F",0.5885,0.2475,0.1505
"3323","F",0.3375,0.1435,0.0755
"3325","M",0.163,0.0615,0.037
"3329","F",0.6855,0.2905,0.145
"3330","F",0.314,0.146,0.0555
"3331","F",0.7005,0.312,0.165
"3335","F",0.382,0.1465,0.079
"3336","F",0.4435,0.185,0.09
"3338","F",1.71,0.5415,0.309
"3339","F",0.8575,0.3465,0.1785
"3341","F",0.59,0.215,0.125
"3342","M",0.34,0.1315,0.085
"3343","F",0.385,0.166,0.046
"3345","F",0.59,0.232,0.141
"3347","M",0.3005,0.1215,0.0575
"3351","F",0.584,0.224,0.1355
"3352","F",0.829,0.3535,0.1685
"3354","F",0.4385,0.206,0.098
"3358","M",0.106,0.0415,0.023
"3360","F",1.073,0.4005,0.2345
"3361","M",0.306,0.121,0.0735
"3362","M",0.301,0.124,0.069
"3364","M",0.171,0.0655,0.0365
"3366","M",0.0905,0.035,0.02
"3370","M",0.44,0.169,0.1065
"3371","M",0.163,0.0615,0.034
"3373","M",0.9715,0.3225,0.194
"3374","F",0.588,0.237,0.1715
"3375","F",0.5325,0.2085,0.1805
"3378","M",0.1635,0.0615,0.0345
"3381","M",0.9955,0.3245,0.2665
"3382","M",0.6605,0.2605,0.161
"3383","M",0.721,0.3055,0.1725
"3384","F",0.1485,0.0585,0.0335
"3385","F",0.487,0.194,0.1455
"3386","M",0.955,0.341,0.2535
"3387","M",0.873,0.3035,0.196
"3388","M",1.65,0.734,0.4505
"3389","M",1.1285,0.377,0.3525
"3390","M",1.1115,0.5035,0.2785
"3391","M",0.9745,0.353,0.174
"3392","M",1.4605,0.5835,0.3155
"3393","M",1.0105,0.368,0.222
"3394","M",1.0765,0.412,0.253
"3395","F",1.2225,0.357,0.202
"3396","M",1.616,0.5495,0.332
"3397","F",0.559,0.1955,0.1215
"3398","M",0.2205,0.0855,0.0515
"3399","F",0.44,0.19,0.1025
"3400","M",0.879,0.28,0.2165
"3401","M",0.6815,0.2145,0.1405
"3402","M",0.5795,0.1685,0.125
"3404","M",0.224,0.0815,0.0575
"3413","M",0.674,0.3325,0.1235
"3414","F",0.5265,0.249,0.1005
"3415","F",1.0315,0.432,0.2025
"3416","M",0.9,0.472,0.182
"3417","M",1.0165,0.491,0.221
"3418","F",1.2495,0.4945,0.27
"3419","M",1.1685,0.539,0.279
"3420","F",1.148,0.444,0.214
"3421","M",1.089,0.5195,0.223
"3422","M",1.0325,0.497,0.2175
"3423","F",1.172,0.536,0.254
"3424","M",1.3715,0.567,0.307
"3425","F",1.5055,0.6565,0.341
"3426","M",1.9045,0.882,0.44
"3427","M",2.4925,1.1455,0.575
"3441","F",0.4705,0.1955,0.118
"3442","M",0.643,0.349,0.1155
"3444","F",0.569,0.256,0.1325
"3447","F",0.5725,0.2555,0.1325
"3448","M",0.6435,0.2885,0.157
"3449","M",0.8115,0.4035,0.166
"3450","F",0.7115,0.3205,0.159
"3451","M",0.9155,0.3645,0.195
"3452","F",0.8815,0.43,0.1975
"3453","F",0.931,0.4445,0.171
"3454","F",1.065,0.4985,0.2145
"3455","M",1.1385,0.502,0.2295
"3456","F",1.234,0.598,0.238
"3457","F",1.2635,0.53,0.315
"3458","F",1.0745,0.4925,0.236
"3459","M",1.403,0.6715,0.2925
"3460","M",1.1325,0.5235,0.2505
"3461","F",1.1115,0.4495,0.2825
"3462","F",1.255,0.525,0.2415
"3463","M",1.437,0.5855,0.293
"3464","M",1.3635,0.583,0.2985
"3465","F",1.1435,0.4915,0.2345
"3466","M",1.4545,0.642,0.3575
"3467","M",1.478,0.5815,0.381
"3468","F",1.6885,0.7295,0.407
"3469","F",2.0725,0.8655,0.4095
"3470","M",1.787,0.718,0.385
"3471","F",1.523,0.8045,0.3595
"3486","F",1.1155,0.509,0.239
"3489","F",0.627,0.2905,0.1165
"3490","M",0.7465,0.348,0.1515
"3491","M",0.985,0.4645,0.201
"3492","M",0.85,0.4165,0.1685
"3493","M",0.838,0.4155,0.146
"3494","F",0.812,0.4055,0.163
"3495","M",0.7615,0.3695,0.17
"3496","M",0.87,0.3945,0.2195
"3497","F",0.9835,0.4845,0.242
"3498","M",0.929,0.38,0.24
"3499","F",1.0155,0.491,0.1905
"3500","M",0.939,0.4475,0.196
"3501","M",1.164,0.5045,0.2635
"3502","M",1.214,0.5315,0.2835
"3503","F",1.1345,0.4695,0.257
"3504","F",1.233,0.592,0.274
"3505","M",1.0815,0.4715,0.254
"3506","M",1.179,0.605,0.258
"3507","F",1.1635,0.554,0.239
"3508","F",1.1545,0.4865,0.341
"3509","F",1.3345,0.667,0.2665
"3510","M",1.469,0.7115,0.3335
"3511","M",1.492,0.7185,0.36
"3512","F",1.5585,0.7285,0.402
"3513","F",1.3275,0.556,0.2805
"3514","M",1.6615,0.8005,0.3645
"3515","F",1.492,0.6425,0.3905
"3516","F",1.7365,0.7755,0.3965
"3517","F",1.6605,0.8605,0.3275
"3518","M",1.348,0.8985,0.4435
"3519","M",1.7405,0.871,0.347
"3520","F",1.7185,0.7925,0.401
"3538","M",0.4385,0.2075,0.0715
"3548","F",0.594,0.28,0.11
"3550","M",0.5585,0.2575,0.119
"3555","M",0.78,0.3165,0.169
"3559","F",1.2365,0.5305,0.2455
"3560","M",1.186,0.6355,0.2315
"3562","F",0.8875,0.4315,0.1915
"3565","F",0.895,0.3605,0.221
"3566","M",0.886,0.3605,0.211
"3570","M",1.041,0.54,0.166
"3571","F",0.9355,0.4035,0.2275
"3572","F",1.058,0.486,0.25
"3573","F",0.7955,0.3425,0.1795
"3574","F",1.0805,0.4995,0.2245
"3575","M",0.928,0.4225,0.183
"3576","F",1.059,0.441,0.19
"3577","M",1.157,0.522,0.2235
"3578","F",1.088,0.4905,0.2475
"3579","F",0.776,0.3545,0.1585
"3580","F",1.043,0.4835,0.221
"3581","M",1.1415,0.5795,0.2145
"3582","F",1.3335,0.605,0.2875
"3583","F",1.273,0.564,0.302
"3584","M",1.1835,0.517,0.2375
"3585","M",1.2135,0.631,0.2235
"3587","M",1.3695,0.657,0.3055
"3588","M",1.3745,0.75,0.1805
"3589","M",1.463,0.658,0.3135
"3590","F",1.6275,0.689,0.3905
"3591","F",1.3875,0.58,0.3485
"3592","M",1.46,0.686,0.311
"3593","F",1.2835,0.583,0.1255
"3594","F",1.3765,0.6485,0.288
"3595","M",1.6465,0.749,0.422
"3596","M",1.265,0.6025,0.299
"3597","M",1.56,0.647,0.383
"3598","M",1.6,0.708,0.3525
"3599","M",2.333,1.2395,0.3645
"3606","F",0.5805,0.2865,0.118
"3607","M",0.678,0.341,0.1325
"3608","M",0.8035,0.409,0.144
"3609","F",0.913,0.4585,0.196
"3610","M",0.8675,0.3935,0.221
"3611","F",1.0425,0.4635,0.24
"3612","M",1.14,0.423,0.2575
"3613","F",1.3475,0.7045,0.25
"3614","M",1.0735,0.4375,0.2585
"3615","M",1.4335,0.7315,0.305
"3616","M",1.304,0.5795,0.3115
"3617","M",0.9505,0.4915,0.2
"3618","M",1.385,0.6355,0.2955
"3619","F",1.12,0.4955,0.2645
"3620","F",1.2645,0.565,0.3375
"3621","F",1.275,0.583,0.303
"3622","M",1.27,0.6035,0.262
"3623","M",1.583,0.7395,0.3505
"3624","F",1.4355,0.643,0.345
"3625","F",1.42,0.573,0.368
"3626","M",1.5955,0.678,0.331
"3627","M",1.89,0.95,0.436
"3628","F",2.037,0.87,0.5145
"3652","F",0.8735,0.4205,0.182
"3655","M",0.769,0.346,0.173
"3657","M",0.7315,0.336,0.156
"3659","M",0.737,0.349,0.15
"3660","F",0.654,0.2945,0.1315
"3667","F",1.034,0.437,0.2225
"3668","F",0.9855,0.4325,0.2145
"3670","M",0.9895,0.4235,0.199
"3672","F",0.964,0.5005,0.1715
"3673","F",1.0455,0.4565,0.24
"3674","F",1.081,0.49,0.2525
"3675","M",1.012,0.441,0.2015
"3676","F",1.122,0.5095,0.256
"3677","M",1.1245,0.492,0.222
"3678","F",1.1345,0.4305,0.2525
"3679","M",1.0805,0.517,0.2495
"3680","F",1.0835,0.4525,0.273
"3681","M",1.242,0.5675,0.287
"3682","M",1.3915,0.726,0.2795
"3683","M",1.085,0.454,0.1965
"3685","M",1.0855,0.481,0.2575
"3686","F",1.3025,0.61,0.2675
"3689","F",1.306,0.516,0.3305
"3690","M",1.273,0.5065,0.2925
"3691","M",1.4865,0.6445,0.296
"3692","M",1.3655,0.6155,0.2885
"3693","M",1.276,0.6215,0.2305
"3694","M",1.2075,0.55,0.2695
"3695","F",1.281,0.5985,0.246
"3696","M",1.4275,0.69,0.306
"3697","M",1.155,0.4955,0.2025
"3698","F",1.35,0.575,0.3155
"3699","M",1.3685,0.5975,0.296
"3700","F",1.431,0.622,0.309
"3701","M",1.261,0.5,0.2335
"3702","F",1.764,0.8505,0.3615
"3703","F",1.278,0.5605,0.3045
"3704","M",1.217,0.532,0.2735
"3705","F",1.46,0.6435,0.328
"3706","F",1.5575,0.7035,0.402
"3707","M",1.527,0.809,0.318
"3708","F",1.4985,0.62,0.375
"3709","M",1.885,0.89,0.41
"3710","M",1.432,0.637,0.247
"3711","M",1.4385,0.655,0.3255
"3712","F",1.564,0.612,0.394
"3713","M",2.14,1.2455,0.3725
"3714","F",1.792,0.873,0.367
"3715","M",2.548,1.1945,0.5745
"3720","F",0.6475,0.323,0.1325
"3721","M",0.6485,0.2735,0.163
"3724","F",0.9145,0.4145,0.199
"3725","M",0.976,0.45,0.2285
"3727","M",0.775,0.3445,0.157
"3729","M",0.681,0.3435,0.142
"3730","M",0.6145,0.3415,0.155
"3731","F",1.1655,0.502,0.301
"3732","F",1.764,0.914,0.377
"3733","M",1.1215,0.533,0.273
"3734","M",1.167,0.4895,0.2955
"3735","M",1.0375,0.476,0.2325
"3736","M",1.223,0.565,0.2975
"3737","M",1.124,0.556,0.2315
"3738","F",1.2635,0.512,0.322
"3739","F",1.238,0.647,0.2485
"3740","F",1.4045,0.694,0.318
"3741","F",1.37,0.6065,0.2955
"3742","F",1.8185,0.819,0.4025
"3743","F",1.7525,0.7105,0.4215
"3759","M",0.7905,0.307,0.171
"3760","M",0.702,0.2975,0.1395
"3761","M",0.675,0.294,0.156
"3766","F",0.846,0.346,0.1715
"3767","M",0.86,0.3345,0.1935
"3768","M",0.8875,0.3345,0.22
"3769","F",0.898,0.3895,0.2325
"3772","M",1.0535,0.516,0.2185
"3773","F",0.927,0.333,0.207
"3775","M",0.8275,0.321,0.1975
"3776","F",0.9845,0.442,0.2155
"3777","M",0.9565,0.4025,0.2365
"3779","M",1.1785,0.526,0.2975
"3780","M",1.2205,0.4985,0.315
"3781","M",0.9685,0.49,0.182
"3782","F",1.107,0.4895,0.24
"3784","M",1.2555,0.527,0.374
"3785","M",1.177,0.5055,0.278
"3786","M",1.2425,0.5995,0.248
"3787","M",1.09,0.407,0.224
"3788","F",1.072,0.433,0.2975
"3789","F",1.129,0.5015,0.24
"3790","F",1.2075,0.5105,0.262
"3791","F",1.227,0.528,0.258
"3792","F",1.472,0.6275,0.27
"3793","F",1.5785,0.678,0.229
"3794","M",1.4755,0.6275,0.379
"3795","M",1.5545,0.6645,0.278
"3796","F",1.593,0.686,0.318
"3797","M",1.8995,0.675,0.478
"3798","F",1.361,0.5465,0.2815
"3799","F",1.4575,0.607,0.318
"3800","M",2.381,0.8155,0.4695
"3805","M",0.359,0.173,0.0875
"3807","F",0.5885,0.318,0.121
"3808","M",0.623,0.2855,0.1285
"3809","F",0.5375,0.221,0.117
"3811","M",0.8625,0.4225,0.155
"3812","F",1.137,0.4605,0.2825
"3816","M",0.5315,0.2725,0.097
"3817","M",0.562,0.289,0.0905
"3818","M",0.836,0.406,0.1605
"3819","M",0.9275,0.477,0.1605
"3820","M",0.8815,0.3605,0.1955
"3821","M",1.03,0.4275,0.207
"3822","F",1.1685,0.4815,0.2305
"3823","F",1.059,0.4735,0.263
"3824","M",1.127,0.535,0.2635
"3825","M",1.1665,0.4605,0.2565
"3826","F",1.541,0.5985,0.395
"3827","M",1.7825,0.5565,0.3235
"3828","M",1.543,0.7525,0.351
"3829","F",1.47,0.5375,0.38
"3830","M",0.6335,0.2305,0.125
"3831","F",0.754,0.256,0.1775
"3832","F",0.4485,0.165,0.083
"3833","M",0.8105,0.345,0.187
"3834","M",0.22,0.0855,0.04
"3835","F",0.4425,0.175,0.0755
"3836","M",0.3555,0.146,0.072
"3839","M",0.79,0.372,0.205
"3840","F",0.8255,0.375,0.204
"3841","M",0.62,0.255,0.15
"3842","F",0.9525,0.3915,0.195
"3843","M",0.955,0.44,0.1685
"3844","M",0.91,0.326,0.1895
"3845","M",0.416,0.1625,0.097
"3847","M",0.515,0.2495,0.087
"3848","F",1.604,0.6175,0.4255
"3849","M",0.3435,0.1645,0.085
"3850","F",0.3005,0.1255,0.0575
"3851","M",0.8255,0.2425,0.202
"3852","M",0.785,0.282,0.186
"3853","F",0.9685,0.446,0.261
"3854","F",0.731,0.236,0.183
"3855","M",0.4405,0.19,0.085
"3857","M",1.373,0.443,0.3375
"3858","F",0.9765,0.322,0.244
"3859","F",1.018,0.447,0.207
"3860","F",1.082,0.3575,0.194
"3861","F",1.423,0.4155,0.3385
"3862","M",0.655,0.266,0.1725
"3863","F",1.4155,0.508,0.314
"3865","M",0.782,0.285,0.1405
"3866","F",0.717,0.289,0.1745
"3867","F",0.6355,0.2505,0.1635
"3868","F",0.3975,0.1505,0.0945
"3869","F",0.656,0.2455,0.171
"3870","M",0.744,0.2875,0.204
"3871","F",0.447,0.203,0.082
"3872","F",0.578,0.191,0.1445
"3874","F",0.708,0.274,0.151
"3875","M",0.1385,0.048,0.046
"3876","M",0.8615,0.2925,0.1545
"3877","F",1.626,0.587,0.4055
"3878","M",0.478,0.18,0.1185
"3879","F",1.1775,0.5655,0.2385
"3881","F",1.058,0.439,0.2645
"3882","F",1.5415,0.5985,0.2565
"3883","M",0.817,0.2945,0.153
"3886","F",0.4915,0.2205,0.088
"3887","F",0.9705,0.4315,0.263
"3888","F",0.9315,0.431,0.222
"3889","M",1.221,0.4605,0.263
"3890","M",0.7365,0.2955,0.184
"3891","F",0.97,0.342,0.196
"3892","F",0.8085,0.273,0.112
"3894","M",0.6295,0.263,0.1425
"3895","F",1.053,0.4405,0.192
"3896","M",1.829,0.7035,0.386
"3897","F",1.1765,0.488,0.244
"3898","F",0.8765,0.3455,0.1925
"3900","M",0.476,0.2055,0.1015
"3901","F",0.813,0.3315,0.166
"3903","M",1.064,0.413,0.228
"3904","M",0.853,0.292,0.179
"3905","M",0.219,0.0835,0.0515
"3906","M",0.0635,0.0245,0.0135
"3909","F",0.458,0.1985,0.111
"3910","M",0.4745,0.1865,0.0935
"3916","F",0.712,0.2845,0.153
"3918","F",1.3065,0.479,0.3565
"3920","M",0.125,0.042,0.0285
"3921","M",0.2225,0.0875,0.043
"3923","M",0.266,0.0995,0.066
"3924","F",0.7105,0.27,0.1455
"3925","F",0.487,0.1955,0.127
"3929","F",1.498,0.564,0.323
"3930","F",1.597,0.6275,0.35
"3932","F",0.541,0.171,0.1175
"3935","M",0.77,0.263,0.157
"3936","F",0.541,0.186,0.1025
"3937","M",0.739,0.237,0.161
"3938","F",0.205,0.0745,0.0465
"3939","M",0.8695,0.3075,0.2575
"3940","M",0.6555,0.2595,0.18
"3941","F",1.0905,0.391,0.2295
"3942","F",0.6295,0.2555,0.144
"3943","M",1.0985,0.3765,0.215
"3944","M",0.991,0.348,0.168
"3946","M",0.8005,0.2635,0.1985
"3947","M",0.6175,0.202,0.1445
"3948","F",0.772,0.2855,0.1975
"3949","F",0.7155,0.2355,0.171
"3950","F",0.717,0.2115,0.166
"3951","F",0.6355,0.1815,0.157
"3954","M",0.556,0.296,0.104
"3956","F",0.686,0.281,0.1255
"3957","F",1.016,0.4935,0.1855
"3958","F",1.438,0.5185,0.3735
"3959","F",1.807,0.8225,0.3655
"3960","M",1.777,0.769,0.38
"3961","M",2.173,1.133,0.4665
"3962","F",2.1505,1.0745,0.382
"3972","M",0.4015,0.199,0.087
"3978","M",0.599,0.251,0.1345
"3979","M",0.6245,0.282,0.143
"3980","F",0.7745,0.416,0.163
"3981","M",0.9795,0.444,0.205
"3983","F",0.874,0.3545,0.2075
"3984","M",1.262,0.6245,0.2455
"3985","M",1.21,0.53,0.2555
"3986","F",1.37,0.6135,0.283
"3987","F",1.759,0.6865,0.313
"3988","M",1.3855,0.621,0.302
"3989","F",1.8065,0.758,0.3735
"3990","M",1.5945,0.6705,0.3845
"3991","M",1.4545,0.6315,0.3105
"3992","M",2.003,0.8105,0.4045
"3993","M",2.2385,0.984,0.411
"4004","M",0.5815,0.2565,0.1265
"4005","F",0.7545,0.3525,0.1835
"4006","M",0.98,0.4315,0.2545
"4007","F",1.0035,0.503,0.2105
"4008","M",1.133,0.5515,0.223
"4009","M",1.146,0.597,0.246
"4010","M",1.142,0.62,0.237
"4011","M",1.12,0.5775,0.2095
"4012","F",1.011,0.479,0.2385
"4013","M",1.131,0.5425,0.2265
"4014","M",1.065,0.4865,0.259
"4015","M",1.181,0.665,0.229
"4016","F",1.382,0.646,0.3115
"4017","M",1.4385,0.6775,0.285
"4018","M",1.2275,0.61,0.274
"4019","M",1.4415,0.7055,0.3555
"4020","F",1.473,0.713,0.282
"4021","F",1.658,0.708,0.3615
"4022","M",1.7475,0.8215,0.383
"4034","M",0.6925,0.327,0.155
"4040","F",0.9585,0.447,0.169
"4042","F",0.9575,0.4815,0.1945
"4043","F",0.926,0.4025,0.208
"4044","F",0.873,0.3615,0.249
"4045","M",0.998,0.445,0.214
"4046","M",0.6655,0.285,0.149
"4047","M",1.003,0.4655,0.2195
"4048","F",1.234,0.6335,0.192
"4049","M",1.025,0.46,0.1945
"4050","M",1.2935,0.5805,0.317
"4051","M",1.0565,0.4615,0.258
"4052","M",1.7855,0.675,0.247
"4053","F",1.2255,0.5075,0.296
"4054","F",1.2565,0.539,0.292
"4055","F",1.159,0.4675,0.3355
"4056","M",1.403,0.5755,0.2515
"4057","F",1.826,0.797,0.409
"4058","F",1.7715,0.8195,0.331
"4059","M",0.6125,0.302,0.1365
"4061","M",0.911,0.375,0.2145
"4062","M",1.1955,0.5845,0.257
"4063","F",1.336,0.553,0.3205
"4064","F",1.36,0.653,0.347
"4075","M",0.7805,0.3795,0.1625
"4078","M",0.8265,0.4405,0.159
"4079","M",0.7275,0.343,0.1625
"4081","M",0.9355,0.425,0.1645
"4083","M",1.0145,0.516,0.164
"4084","F",1.1,0.506,0.2485
"4085","M",1.218,0.639,0.241
"4086","M",0.874,0.369,0.2135
"4088","M",1.0105,0.423,0.219
"4089","M",1.0765,0.488,0.249
"4090","M",1.337,0.5995,0.2815
"4091","M",1.3705,0.645,0.303
"4092","F",1.7015,0.7465,0.4105
"4093","M",1.2435,0.5175,0.308
"4094","M",1.4135,0.667,0.2945
"4095","F",1.073,0.467,0.1975
"4096","F",1.477,0.684,0.3005
"4097","M",1.2915,0.594,0.2695
"4098","F",1.3105,0.577,0.3315
"4099","M",1.4915,0.728,0.343
"4100","F",1.494,0.7365,0.3055
"4101","F",1.1965,0.475,0.304
"4102","M",1.672,0.7075,0.364
"4103","M",1.9125,0.8825,0.4385
"4104","F",1.907,0.8725,0.4565
"4105","F",1.79,0.844,0.3535
"4106","F",1.7495,0.7755,0.4225
"4109","M",0.5305,0.2405,0.127
"4110","M",1.2825,0.569,0.291
"4112","F",1.6645,0.7755,0.35
"4114","F",0.9645,0.531,0.189
"4115","F",1.1,0.547,0.2665
"4116","M",1.2415,0.6575,0.2625
"4117","F",1.3185,0.6185,0.302
"4118","M",1.3455,0.586,0.278
"4120","M",0.197,0.073,0.0365
"4126","M",0.7385,0.321,0.1485
"4128","M",0.9205,0.404,0.2275
"4130","M",0.824,0.3465,0.1765
"4133","M",0.997,0.4055,0.283
"4134","F",0.914,0.3895,0.2225
"4135","F",1.13,0.4405,0.267
"4136","F",1.0805,0.52,0.19
"4137","M",1.105,0.492,0.226
"4138","M",1.229,0.535,0.29
"4139","F",1.2355,0.5205,0.3085
"4140","F",1.2395,0.468,0.2385
"4141","F",1.357,0.5725,0.281
"4142","M",1.402,0.624,0.2935
"4143","F",1.359,0.642,0.3255
"4144","M",1.669,0.7465,0.2935
"4145","M",1.7405,0.6205,0.297
"4146","M",1.51,0.664,0.4095
"4147","M",1.6645,0.727,0.36
"4148","M",2.0505,0.8005,0.526
"4156","M",0.4895,0.2185,0.107
"4157","M",0.5135,0.241,0.1045
"4159","F",0.8025,0.35,0.1615
"4160","F",1.053,0.458,0.217
"4161","F",0.9945,0.4255,0.263
"4162","M",0.3175,0.137,0.068
"4167","M",0.577,0.269,0.1265
"4168","F",0.615,0.2865,0.123
"4169","M",0.791,0.375,0.18
"4170","M",0.8395,0.3155,0.1955
"4171","M",0.8675,0.4,0.172
"4172","F",0.887,0.37,0.239
"4173","M",0.966,0.439,0.2145
"4174","M",1.176,0.5255,0.2875
"4175","F",1.0945,0.531,0.261
"4176","M",1.9485,0.9455,0.3765
